COURSES_ID,CRS_NAME,CRS_SUBJECT,CRS_NO,CRS_TITLE,CS_DEPARTMENT1,CRS_MIN_CRED,CRS_MAX_CRED,CRS_PREREQS,eqryCourseLocations_POS1.CRS_LOCATIONS,eqryCourseLocations_POS2.CRS_LOCATIONS,eqryCourseLocations_POS3.CRS_LOCATIONS,eqryCourseType_POS1.CRS_COURSE_TYPES,eqryCourseType_POS2.CRS_COURSE_TYPES,eqryCourseType_POS3.CRS_COURSE_TYPES,eqryCourseType_POS4.CRS_COURSE_TYPES,eqryCourseType_POS5.CRS_COURSE_TYPES
10,RS-020,RS,020,Intro to Christian Doctrine,RS,4,,,MAIN,SBD,,CD,,,,
1000,HIS-160,HIS,160,Mexican History and Civ,HIS,3,4,,MX,,,TH,,,,
1026,IS-123,IS,123,Culture & Society,IS,4,,,EUR,,,PIA,WA,,,
1035,IS-190,IS,190,Westmont in San Francisco Internship,IS,2,8,,URB,SBD,,SS,ENGI,,,
1069,POL-116,POL,116,Mexico Relationship With U.S.,POL,3,,,MX,,,,,,,
1072,SP-005,SP,005,Int Spanish Grammar (III/IV),ML,4,,,MX,,,MFL,,,,
1073,SP-006,SP,006,Int Spanish Conv (III/IV),ML,2,,,MX,,,MFL,,,,
1074,SP-105,SP,105,Language in Context,ML,3,,Y,MX,,,,,,,
1075,SP-120,SP,120,Advanced Composition,ML,3,,Y,MX,,,,,,,
1076,SP-121,SP,121,Advanced Oral Skills,ML,3,,Y,MX,,,,,,,
1077,SP-160,SP,160,Survey of Mexican Literature,ML,3,,Y,MX,,,RIL,,,,
1217,IS-121,IS,121,Culture & Society,HIS,4,,,EUR,MED,WIJ,TG,,,,
1218,IS-122,IS,122,Culture & Society,IS,4,,,EUR,ISTAN,WIJ,US,,,,
1219,IS-124,IS,124,Culture & Society,HIS,4,,,EUR,MED,,TH,,,,
1269,RS-184,RS,184,History of Christianity-Asia,HIS,4,,,MAIN,,,,,,,
1281,RS-158,RS,158,Christianity and Roman Empire,RS,4,,,MAIN,EST,,TH,,,,
1284,KNS-040,KNS,040,Human Nutrition,KNS,3,4,,MAIN,GHU,,,,,,
1288,SP-123,SP,123,Advanced Spanish Grammar,ML,3,,Y,MX,,,,,,,
1297,APP-191SS,APP,191SS,Serving Society Internship,APP,0,,,MAIN,WIJ,EMM,SS,,,,
1320,EB-190SS,EB,190SS,Internship,EB,8,,Y,URB,MAIN,,SS,,,,
1362,ENG-186,ENG,186,British and Irish Theatre I,ENG,4,,,MAIN,LON,ENG,WSI,PIA,LIT,WA,
1364,ENG-187,ENG,187,British and Irish Theatre II,ENG,4,,,MAIN,LON,,WSI,PIA,LIT,WA,
1365,RS-117,RS,117,Emerging Church: 1st & 21st Centuries,RS,4,,,URB,,,,,,,
1371,KNS-167,KNS,167,International Issues in Sport Sciences,KNS,3,,,E-MAY,,,,,,,
1417,PHI-190,PHI,190,Internship,PHI,1,8,,MAIN,SBD,,,,,,
1432,IS-125,IS,125,Culture & Society,HIS,4,,,EUR,,,TG,US,,,
144,COM-133,COM,133,Conflict and Reconciliation,COM,4,,,MAIN,NI,,,,,,
1456,BIO-190SS,BIO,190SS,Practicum,BIO,1,4,,MAIN,URB,,SS,,,,
1457,RS-150SC,RS,150SC,Mission and Social Justice,RS,4,,,MAIN,INDIA,,CC,SS,,,
1460,RS-136TG,RS,136TG,Encountering Hinduism,RS,4,,,MAIN,INDIA,,TG,,,,
1464,RS-150SS,RS,150SS,Wealth & Poverty in Christian History,RS,4,,,MAIN,WEA,,SS,,,,
1473,RS-190SS,RS,190SS,Religious Studies Internship,RS,8,,,URB,MAIN,,SS,,,,
1474,EB-150SS,EB,150SS,Social Entrepreneurship in Action,EB,4,,Y,MAIN,WEA,,SS,,,,
1475,MA-190SS,MA,190SS,Seminar-Service Learning Internship,MA,1,,,MAIN,URB,,SS,,,,
1477,CS-190SS,CS,190SS,Seminar-Service Learning Internship,MA,1,2,,MAIN,URB,,SS,,,,
148,COM-190,COM,190,Internship,COM,2,8,Y,MAIN,URB,SBD,,,,,
1480,SP-190SS,SP,190SS,Internship,ML,8,,,URB,,,SS,,,,
1481,TA-190SS,TA,190SS,Internship,TA,8,,,URB,,,SS,,,,
1482,ENG-190SS,ENG,190SS,Internship,ENG,8,,,URB,MAIN,,SS,,,,
149,COM-195,COM,195,Special Topics:,COM,1,4,,MAIN,NI,EEI,,,,,
1520,IS-191,IS,191,Communicating Cross-Culturally,IS,2,,,ENG,MED,,CC,,,,
1523,ENG-173,ENG,173,Eng Sem - Brit Lit After 1800,ENG,4,,,ENG,LON,,LIT,IMD,WSI,,
1554,IS-181,IS,181,Southeast Asia Seminar,IS,2,,,URB,THAI,ASIA,,,,,
1559,COM-190SS,COM,190SS,Internship,COM,8,,,URB,MAIN,,SS,,,,
1569,PHY-190SS,PHY,190SS,Internship,PHY,8,,,URB,MAIN,,SS,,,,
1570,POL-190SS,POL,190SS,Internship,POL,8,,,URB,MAIN,,SS,,,,
1602,RS-107,RS,107,"Topics in New Test Studies, Eff 09/FA",RS,4,,Y,MAIN,NI,,,,,,
1659,ENG-196,ENG,196,England-Communicating Cross-Culturally,ENG,2,,,ENG,MAIN,,CC,LIT,,,
1662,ENG-193,ENG,193,Topics: No GE Credit,ENG,3,,,,,,LIT,,,,
168,CS-190,CS,190,Internship,MA,1,4,Y,MAIN,SBD,,,,,,
1699,POL-128,POL,128,Culture&Conflict Mod Mid East,POL,4,,,ISTAN,CAIRO,,TG,,,,
1720,EB-150,EB,150,Topics: No Prereq,EB,2,4,,MAIN,CHINA,ASMT,,,,,
1725,IS-003,IS,003,Introductory Conversational Arabic,IS,3,4,,WIJ,CAIRO,,MFL,,,,
1728,EB-150,EB,150,Topics:,EB,2,4,Y,MAIN,CHINA,,,,,,
1762,HIS-165,HIS,165,Religions in Context,RS,4,,,ISTAN,CAIRO,,TH,CC,,,
1763,RS-165,RS,165,Religions in Context W/cc,RS,4,,,ISTAN,CAIRO,,TH,CC,,,
1788,ENG-163,ENG,163,Authors in Context,ENG,4,,Y,MAIN,ENG,,LIT,,,,
1789,IS-015,IS,015,First-Year Seminar,IS,1,2,,MAIN,SBD,,,,,,
183,EB-105,EB,105,Business Law,EB,4,,Y,MAIN,SBD,,,,,,
1859,ENG-192,ENG,192,Capstone Seminar,ENG,2,,,MAIN,ENG,,,,,,
193,EB-150,EB,150,Topics:,EB,2,4,Y,MAIN,CHINA,,,,,,
1987,PSY-150,PSY,150,Topics: No Prereq,PSY,2,4,,MAIN,GHU,,,,,,
204,EB-190,EB,190,Internship,EB,1,4,Y,MAIN,SBD,URB,,,,,
232,ENG-044,ENG,044,Studies in World Literature,ENG,4,,,MAIN,EUR,NEUR,RIL,TG,LIT,,
238,ENG-104,ENG,104,Modern Grammar & Advanced Composition,ENG,4,,Y,MAIN,URB,,WSI,,,,
253,ENG-141,ENG,141,Creative Writing,ENG,4,,Y,MAIN,URB,,WSI,PP,,,
258,ENG-165,ENG,165,Topics in World Literature,ENG,4,,,MAIN,ENG,,WSI,LIT,TG,,
264,ENG-185,ENG,185,Modern and Contemporary Irish Literature,ENG,4,,Y,MAIN,ENG,,WSI,LIT,ENGID,ENGN,
265,ENG-190,ENG,190,Internship,ENG,1,4,,MAIN,SBD,URB,ENGI,,,,
266,ENG-195,ENG,195,Seminar,ENG,4,,Y,MAIN,ENG,,WSI,IMD,LIT,,
274,FR-001,FR,001,Elementary French I,ML,4,,,MAIN,MED,,MFL,,,,
275,FR-002,FR,002,Elementary French II,ML,4,,,MAIN,MED,,MFL,,,,
276,FR-003,FR,003,Intermediate French I,ML,4,,,MAIN,MED,,MFL,,,,
277,FR-004,FR,004,Intermediate French II,ML,4,,Y,MAIN,MED,,MFL,,,,
305,KNS-150,KNS,150,Topics:,KNS,2,4,,MAIN,SBD,E-MAY,,,,,
314,KNS-161,KNS,161,Fitness for Older Adults,KNS,2,,,MAIN,URB,,,,,,
322,KNS-181,KNS,181,Special Populations,KNS,4,,,MAIN,E-MAY,URB,SS,,,,
324,KNS-190,KNS,190,Internship,KNS,1,4,,MAIN,URB,SBD,,,,,
327,KNS-198,KNS,198,Research,KNS,1,4,,MAIN,ENG-M,,,,,,
343,PEA-025,PEA,025,Latin Dance,KNS,1,,,MX,,,PEA,,,,
373,PEA-034,PEA,034,Outdoor Education,KNS,1,,,MAIN,WIJ,,PEA,,,,
374,PEA-035,PEA,035,Personal Conditioning,KNS,1,,,MAIN,ENG-M,,PEA,,,,
413,PEA-067,PEA,067,Hiking / Biking,KNS,1,,,MAIN,E-MAY,,PEA,,,,
447,HIS-010,HIS,010,Perspectives on World History,HIS,4,,,MAIN,WEA,,WH,,,,
493,PHS-114,PHS,114,Earth Science,CHM,4,,,MAIN,,,EPS,,,,
50,HIS-195,HIS,195,Topics in History,HIS,4,,,MAIN,MED,EUR,,,,,
503,HIS-151,HIS,151,History of World Christianity,HIS,4,,Y,MAIN,ENG-M,WEA,TG,TH,,,
506,PHI-006,PHI,006,Philosophical Perspectives,PHI,4,,,MAIN,SBD,,PR,,,,
529,HIS-185,HIS,185,Imperialism and Independence,HIS,4,,Y,MAIN,WEA,,TH,TG,,,
532,HIS-190,HIS,190,Internship,HIS,1,8,,MAIN,SBD,,,,,,
593,POL-190,POL,190,Internship,POL,2,8,,MAIN,SBD,,SS,,,,
618,PSY-190,PSY,190,Indiv Internship in Psychology,PSY,1,4,Y,MAIN,SBD,URB,,,,,
646,GER-001,GER,001,Elementary German I,ML,4,,,MAIN,NEUR,,MFL,,,,
648,GER-003,GER,003,Intermediate German I,ML,4,,,MAIN,NEUR,,MFL,,,,
652,RS-010,RS,010,Introduction to New Testament,RS,4,,,MAIN,SBD,,NT,,,,
708,RS-129,RS,129,Interdisciplinary Theology,RS,4,,Y,MAIN,ENG-M,,,,,,
727,RS-151,RS,151,History of World Christianity,RS,4,,Y,MAIN,ENG-M,WEA,TG,TH,,,
728,RS-155,RS,155,"Geog, Hist, Religion Holy Land",RS,4,,,EUR,MID,JUC,,,,,
733,RS-190,RS,190,Religious Studies Internship,RS,1,8,Y,MAIN,SBD,,,,,,
744,SOC-110,SOC,110,Social Problems,SOC,4,,,MAIN,URB,,US,,,,
767,SOC-190,SOC,190,Internship,SOC,2,8,,MAIN,URB,SBD,SS,,,,
776,SP-002,SP,002,Elementary Spanish II,ML,4,,,MAIN,MX,,MFL,,,,
781,SP-100,SP,100,Advanced Spanish,ML,4,,Y,MAIN,MX,,WSI,MFL,,,
786,SP-104,SP,104,Latin Amer Lit:1885 to Present,ML,4,,Y,MAIN,MX,,RIL,,,,
796,SP-190,SP,190,Internship,ML,1,4,,MAIN,SBD,,SS,,,,
852,IS-193,IS,193,Seminar: Engaging Culture,ML,3,,,MX,,,TG,CC,,,
905,IS-999,IS,999,Off-Campus Program Semester,IS,15,,,MAIN,,,,,,,
93,ART-129,ART,129,Special Topics: History of Art,ART,1,4,Y,MAIN,EUR,NI,,,,,
945,ART-121,ART,121,Mexican Art,ART,3,,,MX,,,PIA,WA,,,
96,ART-190,ART,190,Art Internship,ART,1,4,,MAIN,URB,,,,,,
1036,IS-194,IS,194,Tutorial:,IS,1,4,,MAIN,URB,,,,,,
1066,PEA-094,PEA,094,Tutorial:,KNS,1,,,MAIN,NEUR,ENG-M,PEA,,,,
1107,RS-194,RS,194,Tutorial:,RS,0,4,,MAIN,EST,WEA,,,,,
1153,TA-194,TA,194,Tutorial:,TA,1,4,,MAIN,URB,,,,,,
1685,MA-094,MA,094,Tutorial:,MA,1,4,,MAIN,MX,,,,,,
824,ENG-194,ENG,194,Tutorial:,ENG,1,4,,MAIN,URB,ENG,WSI,,,,
831,FR-194,FR,194,Tutorial:,ML,1,4,,MAIN,MED,,,,,,
835,HIS-194,HIS,194,Tutorial:,HIS,1,4,,MAIN,URB,,,,,,
1025,IS-117,IS,117,Arts & Ideas of Westrn Trad II,HIS,4,,,MAIN,,,,,,,
104,ART-065,ART,065,Digital Tools,ART,4,,,MAIN,,,,,,,
1058,MA-180,MA,180,Problem Solving,MA,1,,,MAIN,,,PP,,,,
106,ART-093,ART,093,Sophomore Project,ART,1,,,MAIN,,,,,,,
1078,SP-165,SP,165,Intro to Literary Translation,ML,3,,Y,MX,,,,,,,
1208,SOC-001H,SOC,001H,Introduction to Sociology: Honors,SOC,4,,,MAIN,,,US,,,,
1210,RS-199,RS,199,Major Honors,RS,2,4,,MAIN,,,PP,,,,
1225,MUA-076,MUA,076,New Sounds I,MU,1,,,MAIN,,,,,,,
1226,MUA-176,MUA,176,New Sounds II,MU,1,,Y,MAIN,,,PP,,,,
1265,MA-199,MA,199,Major Honors,MA,2,4,,MAIN,,,PP,,,,
141,COM-127,COM,127,Group Communication & Leadership,COM,4,,,MAIN,,,,,,,
142,COM-129,COM,129,Persuasion & Propaganda,COM,4,,Y,MAIN,,,PP,,,,
1443,RS-094,RS,094,Tutorial:,RS,1,4,,MAIN,,,,,,,
146,COM-140,COM,140,Studies in Communication Ethic,COM,4,,,MAIN,,,,,,,
155,CS-030,CS,030,Abstract Models for Concrete Problems,MA,4,,Y,MAIN,,,,,,,
166,CS-145,CS,145,Operating Systems,MA,4,,Y,MAIN,,,,,,,
167,CS-150,CS,150,Topics: Prereqs CS 30,MA,4,,Y,MAIN,,,,,,,
169,CS-198,CS,198,Research,MA,1,4,Y,MAIN,,,,,,,
170,EB-003,EB,003,Principles of Accounting I,EB,4,,,MAIN,,,,,,,
187,EB-125,EB,125,Topics on Accounting,EB,4,,Y,MAIN,,,,,,,
188,EB-131,EB,131,Corporate Financial Management,EB,4,,Y,MAIN,,,,,,,
192,EB-138,EB,138,Applied Management Science,EB,4,,Y,MAIN,,,,,,,
210,ED-101,ED,101,Explorations in Teaching: Sec,ED,4,,,MAIN,,,WSI,SS,,,
213,ED-110,ED,110,Educational Psychology: Elem,ED,4,,,MAIN,,,,,,,
214,ED-111,ED,111,Educational Psychology: Sec,ED,4,,,MAIN,,,,,,,
215,ED-130,ED,130,Special Education for The Clssroom Tchr,ED,2,,,MAIN,,,,,,,
217,ED-120,ED,120,Social Studies & Science: Elem,ED,4,,,MAIN,,,,,,,
219,ED-150,ED,150,Mathematics Instruction: Elem,ED,4,,,MAIN,,,,,,,
221,ED-170,ED,170,Reading & Language Arts: Elem,ED,4,,,MAIN,,,,,,,
222,ED-171,ED,171,Content Area Literacy: Sec,ED,4,,,MAIN,,,,,,,
223,ED-180,ED,180,Topics in Education: Elementary,ED,1,4,,MAIN,,,,,,,
225,ED-190,ED,190,Student Teaching: Elementary,ED,12,,,MAIN,,,,,,,
241,ENG-106,ENG,106,Language Acquisition,ENG,4,,,MAIN,,,,,,,
283,FR-150,FR,150,Cross-Cultural Studies,ML,4,,,MAIN,,,TG,IMD,,,
284,FR-190,FR,190,Internship,ML,1,4,,MAIN,,,,,,,
294,KNS-054,KNS,054,First Aid and CPR,KNS,2,,,MAIN,,,,,,,
300,KNS-105,KNS,105,Physiology of Exercise w/ Lab,KNS,4,,,MAIN,,,,,,,
306,KNS-151,KNS,151,Prevention/Treatment of Athletic Injur,KNS,3,,,MAIN,,,,,,,
310,KNS-156,KNS,156,Health Ed for The Classroom Teacher,KNS,2,,,MAIN,,,,,,,
33,PSY-121,PSY,121,Psychology of Learning w/ Lab,PSY,4,,Y,MAIN,,,,,,,
350,MA-109,MA,109,Advanced Mathematical Analysis,MA,4,,Y,MAIN,,,,,,,
36,MUA-030,MUA,030,Private Composition I,MU,1,,,MAIN,,,,,,,
363,MU-001,MU,001,Basic Musicianship,MU,2,,,MAIN,,,,,,,
364,MU-010,MU,010,Principles of Music I,MU,4,,,MAIN,,,,,,,
383,MU-110,MU,110,Principles of Music III,MU,4,,Y,MAIN,,,,,,,
39,CHM-198,CHM,198,Chemical Research,CHM,2,4,Y,MAIN,,,,,,,
395,MU-118,MU,118,Form and Analysis,MU,2,,Y,MAIN,,,,,,,
407,MU-184,MU,184,Music for Children,MU,4,,,MAIN,,,,,,,
410,MU-190,MU,190,Internship,MU,1,4,,MAIN,,,,,,,
435,MUA-006,MUA,006,Class Guitar,MU,1,,,MAIN,,,,,,,
436,MUA-007,MUA,007,Class Voice,MU,1,,,MAIN,,,,,,,
438,MUA-040,MUA,040,Private Organ I,MU,1,,,MAIN,,,,,,,
440,MUA-140,MUA,140,Private Organ II,MU,2,,Y,MAIN,,,PP,,,,
442,MUA-050,MUA,050,Private Piano I,MU,1,,Y,MAIN,,,,,,,
444,MUA-150,MUA,150,Private Piano II,MU,2,,Y,MAIN,,,PP,,,,
445,HIS-009,HIS,009,World Civilizations to 1750,HIS,4,,,MAIN,,,TH,,,,
446,MUA-055,MUA,055,Private Harp I,MU,1,,,MAIN,,,,,,,
448,MUA-155,MUA,155,Private Harp II,MU,2,,Y,MAIN,,,PP,,,,
450,MUA-060,MUA,060,Private Guitar I,MU,1,,,MAIN,,,,,,,
451,MUA-160,MUA,160,Private Guitar II,MU,2,,Y,MAIN,,,PP,,,,
452,MUA-070,MUA,070,Private Voice I,MU,1,,Y,MAIN,,,,,,,
453,MUA-170,MUA,170,Private Voice II,MU,2,,Y,MAIN,,,PP,,,,
454,MUA-080,MUA,080,Private Orchestral Instrument I,MU,1,,,MAIN,,,,,,,
455,MUA-180,MUA,180,Private Orchestral Instrument II,MU,2,,Y,MAIN,,,PP,,,,
456,MUA-071,MUA,071,College Choir I,MU,1,,,MAIN,,,,,,,
458,MUA-072,MUA,072,Chamber Singers I,MU,1,,,MAIN,,,,,,,
464,MUA-081,MUA,081,Wind Chamber Music,MU,1,,,MAIN,,,,,,,
465,MUA-181,MUA,181,Wind Chamber Music II,MU,1,,Y,MAIN,,,PP,,,,
466,MUA-082,MUA,082,Jazz Ensemble I,MU,1,,,MAIN,,,,,,,
467,MUA-182,MUA,182,Jazz Ensemble II,MU,1,,Y,MAIN,,,PP,,,,
468,MUA-083,MUA,083,Orchestra I,MU,1,,,MAIN,,,,,,,
47,APP-190,APP,190,Internship,APP,1,4,,MAIN,,,,,,,
470,MUA-084,MUA,084,String Chamber Music I,MU,1,,,MAIN,,,,,,,
471,MUA-184,MUA,184,String Chamber Music II,MU,1,,Y,MAIN,,,PP,,,,
48,ED-160,ED,160,Technology for The Classroom Teacher-Ele,ED,2,,,MAIN,,,,,,,
49,ED-161,ED,161,Technology for The Classroom Teacher-Sec,ED,2,,,MAIN,,,,,,,
516,PHI-104,PHI,104,Ethics,PHI,4,,Y,MAIN,,,,,,,
524,PHI-133,PHI,133,Political & Legal Philosophy,PHI,4,,Y,MAIN,,,,,,,
526,PHI-135,PHI,135,Philosophy of Language,PHI,4,,Y,MAIN,,,,,,,
536,PHI-175,PHI,175,Metaphysics,PHI,4,,Y,MAIN,,,,,,,
542,PHI-199,PHI,199,Major Honors,PHI,2,4,,MAIN,,,PP,,,,
557,PHY-025,PHY,025,Modern Physics,PHY,4,,Y,MAIN,,,,,,,
558,PHY-026,PHY,026,Modern Physics Laboratory,PHY,1,,,MAIN,,,,,,,
560,PHY-115,PHY,115,Mathematical Physics,PHY,4,,Y,MAIN,,,,,,,
562,PHY-121,PHY,121,Quantum Mechanics I,PHY,4,,Y,MAIN,,,,,,,
583,PHY-150,PHY,150,Electricity & Magnetism,PHY,4,,Y,MAIN,,,,,,,
590,PHY-160,PHY,160,Thermodynamics,PHY,4,,Y,MAIN,,,,,,,
594,PHY-095,PHY,095,Seminar,PHY,1,,,MAIN,,,,,,,
595,PHY-195,PHY,195,Senior Seminar,PHY,1,,,MAIN,,,IMD,,,,
596,PHY-190,PHY,190,Internship,PHY,1,4,,MAIN,,,,,,,
597,PHY-198,PHY,198,Research,PHY,1,4,Y,MAIN,,,,,,,
60,ART-040,ART,040,Ceramics I,ART,4,,,MAIN,,,,,,,
603,PSY-115,PSY,115,Child Development: Infancy - Adolescence,PSY,4,,Y,MAIN,,,,,,,
608,PSY-122,PSY,122,Social Psychology,PSY,4,,Y,MAIN,,,,,,,
61,ART-140,ART,140,Ceramics II,ART,4,,Y,MAIN,,,PP,,,,
611,PSY-125,PSY,125,Behavioral Neuroscience w/lab,PSY,4,,Y,MAIN,,,,,,,
62,APP-001,APP,001,Research Across The Disciplines,APP,1,,,MAIN,,,,,,,
632,AN-192,AN,192,Extracurricular Departmental Activities,SOC,2,,,MAIN,,,,,,,
634,AN-196,AN,196,Topical Seminar,SOC,4,,,MAIN,,,,,,,
637,BIO-102,BIO,102,Physiology w/ Lab,BIO,4,,Y,MAIN,,,,,,,
654,BIO-108,BIO,108,Animal Diversity w/ Lab,BIO,4,,Y,MAIN,,,,,,,
657,BIO-110,BIO,110,Microbiology w/ Lab,BIO,4,,Y,MAIN,,,,,,,
658,RS-101,RS,101,Pentateuch,RS,4,,Y,MAIN,,,,,,,
663,BIO-113,BIO,113,Biochemistry w/ Lab,BIO,4,,Y,MAIN,,,,,,,
667,BIO-125,BIO,125,General Ecology w/ Lab,BIO,4,,Y,MAIN,,,,,,,
675,BIO-130,BIO,130,Cell Biology w/ Lab,BIO,4,,Y,MAIN,,,,,,,
691,BIO-190,BIO,190,Practicum,BIO,1,4,,MAIN,,,,,,,
693,BIO-191,BIO,191,Environmental Practicum,BIO,1,2,,MAIN,,,,,,,
717,CHM-101,CHM,101,Organic Chemistry I w/ Lab,CHM,4,,Y,MAIN,,,,,,,
721,RS-137,RS,137,Christ and the Asian Religions,RS,4,,,MAIN,,,,,,,
73,APP-080,APP,080,Professional and Personal Development,APP,1,,,MAIN,,,,,,,
735,CHM-113,CHM,113,Biochemistry w/ Lab,CHM,4,,Y,MAIN,,,,,,,
74,APP-085,APP,085,Foundation of Residence Life,APP,2,,,MAIN,,,,,,,
740,CHM-122,CHM,122,Advanced Analytical Chemistry w/Lab,CHM,2,,Y,MAIN,,,,,,,
746,SOC-130,SOC,130,Sociology of The Family,SOC,4,,Y,MAIN,,,,,,,
748,CHM-130,CHM,130,Physical Chemistry I,CHM,3,,Y,MAIN,,,,,,,
749,CHM-132,CHM,132,Physical Chemistry Lab I,CHM,1,,,MAIN,,,,,,,
76,APP-168,APP,168,Student Publications: Horizon,ENG,1,4,,MAIN,,,,,,,
768,SOC-192,SOC,192,Extracurricular Dep Activities,SOC,2,,,MAIN,,,,,,,
772,SOC-196,SOC,196,Topical Seminar,SOC,2,4,,MAIN,,,,,,,
775,APP-002,APP,002,Successful Scholars Seminar,APP,0,1,,MAIN,,,,,,,
790,SP-150,SP,150,Cross-Cultural Studies,ML,4,,,MAIN,,,TG,IMD,,,
806,TA-031,TA,031,Dance Performance,TA,1,2,,MAIN,,,,,,,
810,CHM-194,CHM,194,Tutorial:,CHM,1,4,,MAIN,,,,,,,
812,COM-194,COM,194,Tutorial:,COM,1,4,,MAIN,,,,,,,
813,TA-050,TA,050,Rehearsal & Performance I,TA,1,2,,MAIN,,,,,,,
816,TA-060,TA,060,Technical Production I,TA,1,2,,MAIN,,,,,,,
820,EB-194,EB,194,Tutorial:,EB,1,4,,MAIN,,,,,,,
833,TA-125,TA,125,Directing for The Theatre,TA,4,,Y,MAIN,,,,,,,
845,TA-193,TA,193,Senior Project,TA,2,,,MAIN,,,PP,,,,
877,KNS-094,KNS,094,Tutorial:,KNS,1,4,,MAIN,,,,,,,
891,PSY-196,PSY,196,Capstone Sr Practicum in Psych,PSY,4,,Y,MAIN,,,IMD,SS,,,
903,PEA-095,PEA,095,Inoculum: Wilderness/Orient,APP,1,,,MAIN,,,PEA,,,,
91,ART-127,ART,127,19th c Art: Origins of Modernism,ART,4,,Y,MAIN,,,,,,,
932,PHY-199,PHY,199,Major Honors,PHY,2,4,,MAIN,,,PP,,,,
956,CHM-199,CHM,199,Major Honors,CHM,2,4,,MAIN,,,PP,,,,
966,ENG-111,ENG,111,Screenwriting I,ENG,4,,Y,MAIN,,,WSI,,,,
100,ART-045,ART,045,Photography I,ART,4,,Y,MAIN,,,,,,,
1005,HIS-199,HIS,199,Major Honors,HIS,2,4,,MAIN,,,PP,,,,
1007,IS-001,IS,001,Research Across the Disciplines,IS,2,,,MAIN,,,,,,,
101,ART-050,ART,050,Painting I,ART,4,,Y,MAIN,,,,,,,
102,ART-055,ART,055,Watercolor I,ART,4,,Y,MAIN,,,,,,,
1020,IS-094,IS,094,Tutorial:,IS,1,4,,MAIN,,,,,,,
1024,IS-116,IS,116,Arts & Ideas of Western Trad I,HIS,4,,,MAIN,,,,,,,
1031,IS-150,IS,150,Topics:,HIS,1,4,,MAIN,EUR,ENG,,,,,
1039,IS-197,IS,197,WIM Reentry Seminar,ML,2,,,MAIN,,,,,,,
1046,KNS-192,KNS,192,Internship Lab,,1,,,MAIN,,,,,,,
105,ART-070,ART,070,3-D Sculptural Explorations,ART,4,,,MAIN,,,,,,,
1059,MA-190,MA,190,Internship,MA,1,2,Y,MAIN,,,,,,,
1060,MA-194,MA,194,Tutorial:,MA,1,4,,MAIN,,,,,,,
1061,MU-023,MU,023,Great Composers,,2,,,MAIN,,,,,,,
1062,MUA-190,MUA,190,Practicum,MU,2,,,MAIN,,,,,,,
1067,PEA-194,PEA,194,Tutorial:,KNS,1,,,MAIN,,,PEA,,,,
1068,KNS-011,KNS,011,Human Anatomy w/Lab,KNS,4,,,MAIN,,,ELS,,,,
107,ART-141,ART,141,The Art of Interpretive Crafts II,ART,4,,Y,MAIN,,,,,,,
108,ART-145,ART,145,Film Photography II,ART,4,,Y,MAIN,,,,,,,
109,ART-150,ART,150,Painting II,ART,4,,Y,MAIN,,,PP,,,,
1096,RS-140,RS,140,Engaging The Muslim World,RS,4,,,ISTAN,,,CC,,,,
11,MU-020,MU,020,Survey of Western Music,MU,4,,,MAIN,,,PIA,WA,,,
110,ART-155,ART,155,Watercolor II,ART,4,,Y,MAIN,,,PP,,,,
1105,RS-154,RS,154,History of Israel,RS,4,,Y,MAIN,,,,,,,
1110,RS-195,RS,195,Seminar,RS,4,,,MAIN,,,,,,,
112,ART-165,ART,165,Digital Painting,ART,4,,Y,MAIN,,,PP,,,,
1121,POL-194,POL,194,Tutorial,POL,1,4,,MAIN,,,,,,,
1122,POL-198,POL,198,Research,POL,1,4,,MAIN,,,,,,,
1123,POL-199,POL,199,Major Honors,POL,2,4,,MAIN,,,PP,,,,
113,ART-167,ART,167,Publication Design,ART,4,,Y,MAIN,,,PP,,,,
114,ART-170,ART,170,Stone Sculpture,ART,4,,Y,MAIN,,,PP,,,,
1143,PSY-194,PSY,194,Tutorial:,PSY,1,4,,MAIN,,,,,,,
1144,PSY-195,PSY,195,Seminar:,,4,,,MAIN,,,,,,,
1145,PSY-199,PSY,199,Major Honors,PSY,2,4,,MAIN,,,PP,,,,
1146,RS-198,RS,198,Research,RS,1,4,,MAIN,,,,,,,
1147,SOC-094,SOC,094,Tutorial:,,1,4,,MAIN,,,,,,,
115,BIO-011,BIO,011,Human Anatomy w/ Lab,BIO,4,,,MAIN,,,ELS,,,,
1151,TA-023,TA,023,History of Sacred Dance,TA,4,,,MAIN,,,TH,,,,
1171,IS-192,IS,192,Orientation-Westmont in Mexico,ML,2,,,MAIN,,,,,,,
118,CHM-135,CHM,135,Introductory Physical Chemistry,CHM,3,,Y,MAIN,,,,,,,
1194,TA-009,TA,009,Voice & Speech Through Performance,TA,4,,,MAIN,,,,,,,
1195,TA-017,TA,017,Stagecraft: Costume and Makeup,TA,2,,,MAIN,,,,,,,
1197,TA-124,TA,124,Survey of Dramatic Theory & Criticism,TA,4,,,MAIN,,,WSI,,,,
1198,TA-127,TA,127,Directing II,TA,4,,Y,MAIN,,,,,,,
12,PSY-013,PSY,013,Experimental Psychology w/ Lab,PSY,4,,Y,MAIN,,,WSI,,,,
1272,ENG-167,ENG,167,Writers' Corner,ENG,2,,,MAIN,,,WSI,,,,
1273,ENG-168,ENG,168,Student Publications: Horizon,ENG,1,4,Y,MAIN,,,,,,,
1274,ENG-169,ENG,169,Student Publications: Phoenix,ENG,1,2,,MAIN,,,,,,,
1275,APP-170,APP,170,Student Publications: Citadel,APP,1,4,,MAIN,,,,,,,
1280,OCP-001,OCP,001,Off Campus Program Courses,,0,20,,,,,,,,,
1285,ENG-113,ENG,113,Screenwriting II,ENG,4,,Y,MAIN,,,WSI,,,,
1289,IS-130,IS,130,Racial Justice Study Series,IS,2,,,MAIN,,,SS,,,,
1290,RS-127W,RS,127W,Catechetical Theology,RS,4,,Y,MAIN,,,WSI,,,,
1291,RS-129W,RS,129W,Interdisciplinary Theology,RS,4,,Y,MAIN,,,WSI,,,,
1292,RS-131W,RS,131W,Seminar in Theology,RS,4,,Y,MAIN,,,WSI,IMD,,,
1293,RS-125W,RS,125W,Theology,RS,4,,Y,MAIN,,,WSI,,,,
1294,TA-009W,TA,009W,Voice&Speech Perform Maj Only,TA,4,,,MAIN,,,WSI,,,,
1295,APP-190SS,APP,190SS,Service Learning Internship,APP,1,4,,MAIN,,,SS,,,,
1298,MUA-077,MUA,077,Musical Drama Workshop,MU,1,,,MAIN,,,,,,,
1299,MUA-177,MUA,177,Musical Drama Workshop,MU,1,,Y,MAIN,,,PP,,,,
1302,ENG-191SS,ENG,191SS,Reading in The Community,ENG,0,,,MAIN,,,SS,,,,
1303,ART-151,ART,151,Illustration,ART,4,,Y,MAIN,,,,,,,
1308,IS-116TH,IS,116TH,Arts & Ideas of Western Trad I,HIS,4,,,MAIN,,,TH,,,,
1309,IS-110,IS,110,Arts & Ideas of Westrn Trad II,HIS,4,,,MAIN,,,,,,,
1310,SOC-151,SOC,151,Thai Culture and Society,SOC,4,,,MAIN,,,US,,,,
1315,ENG-045,ENG,045,Studies in Classic Literature,ENG,4,,,MAIN,,,WSI,RIL,LIT,,
1316,ENG-142,ENG,142,Workshop in Creative Writing,ENG,4,,Y,MAIN,,,WSI,PP,,,
1317,ENG-164,ENG,164,Topics in Classic Literature,ENG,4,,,MAIN,,,WSI,LIT,,,
1318,EB-199,EB,199,Major Honors,EB,2,4,,MAIN,,,PP,,,,
1335,COM-196,COM,196,Senior Seminar,COM,4,,,MAIN,,,,,,,
134,COM-015,COM,015,Public Speaking,COM,4,,,MAIN,,,WSI,,,,
1343,SP-004SS,SP,004SS,Intermediate Spanish II,ML,4,,,MAIN,,,SS,MFL,,,
1347,HIS-195SS,HIS,195SS,Hist of Body in Medieval Europe,,4,,,MAIN,,,TH,SS,,,
135,COM-098,COM,098,Introduction to Com Research,COM,4,,Y,MAIN,,,,,,,
1352,PEA-041,PEA,041,Fitness By The Sea,KNS,1,,,MAIN,,,PEA,,,,
1354,RS-104G1,RS,104G1,New Testament Ancient / Modern Context,RS,4,,,MAIN,,,TH,WSI,,,
1355,RS-010H,RS,010H,Intro to New Testament: Honors,RS,4,,,MAIN,,,NT,,,,
1356,SOC-175SS,SOC,175SS,Child Welfare Lab,SOC,0,,,MAIN,,,SS,,,,
1357,SOC-177SS,SOC,177SS,Intimate Violence Lab,SOC,0,,,MAIN,,,SS,,,,
136,COM-101,COM,101,Theories of Rhetoric & Comm I,COM,4,,Y,MAIN,,,WSI,,,,
1366,HIS-195TH,HIS,195TH,Origins of Modern Southeast Asia,,4,,,MAIN,,,TH,,,,
1367,KNS-120,KNS,120,Nutrition for Athletes,KNS,2,,,MAIN,,,,,,,
1368,KNS-122,KNS,122,Nutrition for Health Professionals,KNS,2,,,MAIN,,,,,,,
1369,KNS-162,KNS,162,Gerontology: Aspects of Aging:,KNS,2,,,MAIN,,,,,,,
137,COM-102,COM,102,Theories of Rhetoric & Comm II,COM,4,,Y,MAIN,,,,,,,
1374,IS-195CC,IS,195CC,Brit Irish Persp Contemp Pol,,4,,,MAIN,,,CC,,,,
1376,KNS-190CC,KNS,190CC,Guatemala Internship Lab,,1,4,Y,MAIN,,,CC,,,,
1379,PHS-115,PHS,115,Earth Science Lab,CHM,1,,,MAIN,,,,,,,
138,COM-103,COM,103,Communication Criticism,COM,4,,Y,MAIN,,,WSI,IMD,,,
139,COM-115,COM,115,Advanced Public Speaking,,4,,Y,MAIN,,,,,,,
14,ART-001,ART,001,Principles of Art,ART,4,,,MAIN,,,PIA,WA,,,
140,COM-125,COM,125,Media and Mass Communication,COM,4,,Y,MAIN,,,RES,,,,
1418,ED-196,ED,196,Student Teaching Seminar-Secondary,ED,3,,,MAIN,,,,,,,
1428,APP-169,APP,169,Public Broadcasting,APP,2,,,MAIN,,,,,,,
143,COM-130,COM,130,Argumentation & Advocacy,COM,4,,,MAIN,,,,,,,
1431,CS-192,CS,192,Project,MA,1,4,Y,MAIN,,,,,,,
1433,PEA-042,PEA,042,Functional Training,KNS,1,,,MAIN,,,PEA,,,,
1434,IS-126,IS,126,Culture & Society,HIS,4,,,EUR,,,TG,PIA,WA,,
1435,IS-127,IS,127,Culture & Society,HIS,4,,,EUR,,,TG,TH,,,
1436,IS-128,IS,128,Culture & Society,,4,,,EUR,,,US,PIA,WA,,
1437,IS-129,IS,129,Culture & Society,,4,,,EUR,,,US,TH,,,
1439,RS-126W,RS,126W,Doctrine of The Word,RS,4,,Y,MAIN,,,WSI,,,,
1440,GRK-194,GRK,194,Tutorial:,RS,1,4,,MAIN,,,,,,,
1441,SP-199,SP,199,Major Honors,ML,2,4,,,,,PP,,,,
1442,SP-094,SP,094,Tutorial:,ML,1,4,,MAIN,,,,,,,
1447,PSY-094,PSY,094,Tutorial:,PSY,1,4,,MAIN,,,,,,,
1448,RS-113SS,RS,113SS,The Church in The New Testament Service,RS,0,,,MAIN,,,SS,,,,
1449,IS-070,IS,070,Introducing Christian Lib Arts Educ,IS,2,,,MAIN,,,,,,,
1458,BIO-191SS,BIO,191SS,Environmental Practicum,BIO,1,2,,MAIN,,,SS,,,,
1461,PEA-047,PEA,047,"Ballroom/Swing, Int/Adv",KNS,1,,Y,MAIN,,,PEA,,,,
1462,PEA-076,PEA,076,Hip Hop,KNS,1,,,MAIN,,,PEA,,,,
1463,PEA-044,PEA,044,"Badminton, Adv",KNS,1,,Y,MAIN,,,PEA,,,,
1465,IS-070SS,IS,070SS,Liberal Arts Ambassadors,IS,0,,,MAIN,,,SS,,,,
147,COM-145,COM,145,Organizational Communication,COM,4,,Y,MAIN,,,,,,,
1478,MA-191SS,MA,191SS,Seminar-Service Learning Experience,MA,0,,,MAIN,,,SS,,,,
1479,CS-191SS,CS,191SS,Seminar-Service Learning Experience,MA,0,,,MAIN,,,SS,,,,
1489,PEA-181,PEA,181,Varsity Baseball-Men,KNS,1,,Y,MAIN,,,,,,,
1490,PEA-182,PEA,182,Varsity Basketball - Men,KNS,1,,Y,MAIN,,,,,,,
1491,PEA-183,PEA,183,Varsity Cross-Country - Men,KNS,1,,Y,MAIN,,,,,,,
1492,PEA-184,PEA,184,Varsity Cross-Country - Women,KNS,1,,Y,MAIN,,,,,,,
1493,PEA-185,PEA,185,Varsity Tennis-Men,KNS,1,,Y,MAIN,,,,,,,
1494,PEA-186,PEA,186,Varsity Tennis-Women,KNS,1,,Y,MAIN,,,,,,,
1495,PEA-187,PEA,187,Varsity Track & Field-Men,KNS,1,,Y,MAIN,,,,,,,
1496,PEA-188,PEA,188,Varsity Track & Field-Women,KNS,1,,Y,MAIN,,,,,,,
1497,PEA-189,PEA,189,Varsity Soccer - Men,KNS,1,,Y,MAIN,,,,,,,
1499,PEA-191,PEA,191,Varsity Volleyball - Women,KNS,1,,Y,MAIN,,,,,,,
15,EB-102,EB,102,Intermediate Microeconomics,EB,4,,Y,MAIN,,,,,,,
1500,PEA-192,PEA,192,Varsity Basketball - Women,KNS,1,,Y,MAIN,,,,,,,
1501,PEA-190,PEA,190,Varsity Soccer - Women,KNS,1,,Y,MAIN,,,,,,,
1505,HIS-195GH,HIS,195GH,Latin America/US Relations,HIS,4,,,MAIN,,,TG,TH,,,
1507,TA-136,TA,136,Design for The Theatre,TA,4,,Y,MAIN,,,,,,,
1508,TA-137,TA,137,Design for Performance,TA,4,,Y,MAIN,,,,,,,
151,COM-198,COM,198,Independent Research,COM,2,4,,MAIN,,,,,,,
1511,APP-192,APP,192,Service Experience Seminar,APP,1,,,MAIN,,,SS,,,,
1512,POL-107,POL,107,Voting Behavior,POL,4,,Y,MAIN,,,,,,,
1515,COM-110,COM,110,Interpersonal Communication,COM,4,,Y,MAIN,,,,,,,
1516,RS-155GH,RS,155GH,"Geog, Hist, Religion Holy Land",RS,4,,,MAIN,,,TG,TH,,,
1519,CS-050,CS,050,"Morality, Information, Logic, Knowledgeý(MILK)",MA,4,,,MAIN,,,PR,,,,
152,CS-005,CS,005,Fundamentals of Computing,MA,4,,,MAIN,,,RA,QAR,,,
1521,ENG-171,ENG,171,England Semester - Topics in British Lit,ENG,2,,,ENG,,,LIT,,,,
1522,ENG-172,ENG,172,Eng Sem - Brit Lit Before 1800,,4,,,ENG,,,LIT,IMD,WSI,,
1524,ENG-174,ENG,174,Eng Sem - UD Major Author,ENG,4,,,ENG,,,LIT,WSI,PIA,,
1525,ENG-175,ENG,175,Eng Sem - Lit/Writing Course,ENG,4,,,ENG,,,LIT,IMD,WSI,,
1527,HIS-195WH,HIS,195WH,Witchhunts Medieval & Modern Europe,HIS,4,,,MAIN,,,WSI,TH,,,
1531,SP-103M,SP,103M,Latin American Lit to 1885,ML,2,,Y,MX,,,,,,,
1532,SP-104M,SP,104M,Latin Amer Lit:1885 to Present,ML,2,,Y,MX,,,,,,,
1533,ED-108,ED,108,Mexican Schools Field Experience,ED,2,,,MX,,,,,,,
1534,ENG-094,ENG,094,Tutorial:,ENG,1,4,,MAIN,,,WSI,,,,
1535,CS-015,CS,015,Discrete Mathematics,MA,4,,Y,MAIN,,,RA,QAR,,,
1536,TA-186,TA,186,World Theatre I,TA,4,,,MAIN,ENG,LON,PIA,WA,,,
1537,TA-187,TA,187,World Theatre II,TA,4,,,MAIN,ENG,LON,PIA,WA,,,
1538,TA-195,TA,195,Seminar: Special Topics,TA,2,4,,MAIN,,,,,,,
154,CS-010,CS,010,Design/Implement of Solutions Comp Prob,MA,4,,,MAIN,,,RA,,,,
1549,RS-104TH,RS,104TH,Jesus in Gospels and The Land,RS,4,,,MID,,,TH,,,,
1552,PSY-150GC,PSY,150GC,Cultural& Narrative Psychology,PSY,4,,,MID,,,CC,TG,,,
1553,IS-180,IS,180,Human Trafficking Seminar,IS,4,,,URB,THAI,,SS,,,,
1555,AN-190SS,AN,190SS,Practricum,,8,,,URB,,,SS,,,,
1556,ART-190SS,ART,190SS,Internship,ART,8,,,URB,,,SS,,,,
1558,CHM-190SS,CHM,190SS,Internship,CHM,8,,,URB,MAIN,,SS,,,,
156,CS-045,CS,045,Computer Organization & Archit,MA,4,,Y,MAIN,,,,,,,
1562,SOC-190SS,SOC,190SS,Internship,SOC,8,,,URB,,,SS,,,,
1563,ED-190SS,ED,190SS,Practicum,ED,8,,,URB,,,SS,,,,
1564,FR-190SS,FR,190SS,Internship,,8,,,URB,,,SS,,,,
1565,HIS-190SS,HIS,190SS,Internship,HIS,8,,,URB,,,SS,,,,
1566,KNS-190SS,KNS,190SS,Internship,KNS,8,,,URB,,,SS,,,,
1567,MU-190SS,MU,190SS,Internship,MU,8,,,URB,,,SS,,,,
1568,PHI-190SS,PHI,190SS,Internship,PHI,8,,,URB,,,SS,,,,
157,PHY-023,PHY,023,General Physics II,PHY,4,,Y,MAIN,,,EPS,QAR,,,
1571,PSY-190SS,PSY,190SS,Practicum,PSY,8,,,URB,,,SS,,,,
1574,BIO-155,BIO,155,Infectious Disease & Immune Response,BIO,4,,Y,MAIN,,,,,,,
1575,RS-104W,RS,104W,Topics: Writing Intensive,RS,4,,,MAIN,,,WSI,,,,
1576,ART-133,ART,133,"Art, Theology and Worship",ART,4,,,MAIN,,,PP,,,,
1577,ART-139,ART,139,Survey of American Art,ART,4,,,MAIN,,,,,,,
1579,PSY-123,PSY,123,Clinical Neuropsychology W/lab,PSY,4,,Y,MAIN,,,,,,,
1584,AN-094,AN,094,Tutorial:,SOC,1,4,,MAIN,,,,,,,
1586,RS-100SS,RS,100SS,Found Spirit Formation Service,RS,0,,,,,,SS,,,,
1587,POL-109,POL,109,Political Parties and Interest Groups,POL,4,,Y,MAIN,,,,,,,
1588,PHY-127,PHY,127,Astrophysics I,PHY,2,,Y,MAIN,,,,,,,
1589,PHY-128,PHY,128,Astrophysics II,PHY,2,,Y,MAIN,,,,,,,
159,CS-105,CS,105,Programming Languages,MA,4,,Y,MAIN,,,,,,,
1590,COM-138,COM,138,International Rhetoric,COM,4,,,MAIN,,,TG,,,,
1592,IS-182,IS,182,History Culture Phil of Chinese People,,4,,,URB,THAI,,CC,,,,
1593,ART-132,ART,132,Museum Studies,ART,4,,,MAIN,,,PP,,,,
1594,MUA-051,MUA,051,Priv Piano I - 1st Yr Students,MU,1,,,MAIN,,,,,,,
1595,MUA-069,MUA,069,Priv Voice I - 1st Yr Students,MU,1,,,MAIN,,,,,,,
1596,TA-171,TA,171,Advanced Ballet,TA,2,,,MAIN,,,PEA,,,,
1598,POL-030,POL,030,Political Theory & Ideology Effec 09/MAY,POL,4,,,MAIN,,,PR,,,,
1599,PSY-150,PSY,150,Cultural& Narrative PsychologyýTg and Cc,PSY,4,,,MID,WIJ,,CC,TG,,,
160,CS-116,CS,116,Artificial Intelligence,MA,4,,Y,MAIN,,,,,,,
1600,RS-104,RS,104,"Jesus in Gospels and The Land, TH",RS,4,,,MID,WIJ,,TH,,,,
1604,CS-199,CS,199,Major Honors,MA,2,4,,MAIN,,,PP,,,,
1607,IS-082,IS,082,Elementary Mandarin Chinese,,4,,,URB,,,MFL,,,,
1609,RS-133,RS,133,"Art, Theology and Worship",,4,,,MAIN,,,,,,,
161,CS-120,CS,120,"Space, Time & Perfect Algorithms",MA,4,,Y,MAIN,,,,,,,
1610,RS-160,RS,160,Mission and Globalization,RS,4,,Y,MAIN,,,,,,,
1613,RS-104,RS,104,Topics in Old Testament Studies,,4,,Y,MAIN,,,,,,,
162,CS-125,CS,125,Database Design,MA,4,,Y,MAIN,,,,,,,
163,CS-130,CS,130,Software Development,MA,4,,Y,MAIN,,,WSI,PP,,,
1630,TA-173,TA,173,Advanced Modern Dance,TA,2,,Y,MAIN,,,PEA,,,,
1631,TA-175,TA,175,Advanced Jazz Dance,TA,2,,,MAIN,,,PEA,,,,
164,CS-135,CS,135,Formal Languages & Automata,MA,4,,Y,MAIN,,,,,,,
1644,RS-107,RS,107,New Testament Seminar 10/MAY,RS,4,,,MAIN,EST,,TG,CC,,,
1645,POL-141,POL,141,Politics of Sports,POL,4,,,MAIN,,,US,,,,
1646,KNS-141,KNS,141,Politics of Sports,KNS,4,,,MAIN,,,US,,,,
1647,PEA-049,PEA,049,Pilates,KNS,1,,,MAIN,,,PEA,,,,
1648,MA-004,MA,004,Mathematics in Context,MA,4,,Y,MAIN,,,RA,QAR,,,
1649,TA-122,TA,122,"History of Dance, Effective Spring 2010",TA,4,,,MAIN,,,TH,,,,
165,CS-140,CS,140,Networks,MA,4,,Y,MAIN,,,,,,,
1650,RS-150,RS,150,"Wealth and Poverty in the Bible, Eff.ý10/SP Only",RS,4,,,MAIN,,,IMD,,,,
1651,RS-150SS,RS,150SS,"Wealth & Poverty in Christian History,ýEffective 10/SP Only",RS,4,,,MAIN,,,SS,IMD,,,
1656,POL-110,POL,110,American Public Opinion,POL,4,,Y,MAIN,,,SS,,,,
1657,IS-185,IS,185,Orientation Off-Campus Program,IS,1,2,,MAIN,,,,,,,
1658,FR-151,FR,151,Topics,ML,4,,,MAIN,,,,,,,
1660,APP-193,APP,193,Serving Society,APP,0,,,NI,,,SS,,,,
1663,ART-015,ART,015,"Drawing I, Effective 10/FA",ART,4,,,MAIN,,,PIA,WA,,,
1667,MU-123,MU,123,Survey of World Music,MU,4,,,MAIN,,,PIA,TG,WA,,
1669,PEA-012,PEA,012,Mixed Martial Arts,KNS,1,,,MAIN,,,PEA,,,,
1670,POL-104,POL,104,"Constitutional Law, Effective 10/FA",POL,4,,,MAIN,,,PP,,,,
1673,RS-107,RS,107,"Topics in New Test Studies, Eff 09/FA",RS,4,,Y,MAIN,,,WSI,,,,
1674,MU-165,MU,165,Brass Instrument Techniques,MU,1,,,MAIN,,,,,,,
1675,MU-166,MU,166,Woodwind Instrument Techniques,MU,1,,,MAIN,,,,,,,
1676,MU-167,MU,167,String Instrument Techniques,MU,1,,,MAIN,,,,,,,
1677,MU-168,MU,168,Percussion Instrument Tech,MU,1,,,MAIN,,,,,,,
1678,MU-175,MU,175,Vocal Techniques,MU,2,,,MAIN,,,,,,,
1679,MU-121,MU,121,History of Western Music II,MU,4,,Y,MAIN,,,WSI,TH,,,
1680,POL-108,POL,108,Congress,POL,4,,,MAIN,,,RES,,,,
1682,IS-002,IS,002,Middle East in Story & History,IS,4,,,MAIN,,,TG,,,,
1683,PHY-127,PHY,127,"Astrophysics I, Effective 11/FA",PHY,2,,Y,MAIN,,,SS,,,,
1686,POL-125,POL,125,Middle East Nationalism & Politics,,4,,,ISTAN,,,TG,,,,
1687,IS-170,IS,170,Turkish Culture and Society,,4,,,ISTAN,,,US,,,,
1690,RS-155,RS,155,"Geog & History of Israel, Tg, EuropeýSemester, Thinking Globally",RS,4,,,EUR,,,TG,,,,
1691,PHY-191SS,PHY,191SS,Serving Society,PHY,0,,,MAIN,,,SS,,,,
1692,KNS-012,KNS,012,Human Physiology w/ Lab,KNS,4,,,MAIN,,,ELS,,,,
1695,EB-193,EB,193,Applied Research in Economics & Business,EB,4,,Y,MAIN,,,,,,,
1696,PEA-056,PEA,056,Basic Combatives,KNS,1,,,MAIN,,,PEA,,,,
1698,HIS-165,HIS,165,Religions in Context,RS,4,,,ISTAN,,,TH,,,,
1700,RS-134,RS,134,Gender in Theological Perspective,RS,4,,,MAIN,,,,,,,
1702,APP-070,APP,070,Sports Broadcasting Practicum,APP,1,,,MAIN,,,,,,,
1703,PEA-058,PEA,058,Half Marathon,KNS,1,,,MAIN,,,PEA,,,,
1704,EB-020,EB,020,Research & Forecasting,EB,4,,,MAIN,,,,,,,
1705,HIS-187,HIS,187,Women in Asian History,HIS,4,,,MAIN,,,,,,,
1706,ED-011,ED,011,Windows Into Teaching,ED,1,,,MAIN,,,,,,,
1707,MUA-135,MUA,135,Private Study in Advanced Conducting,MU,1,,,MAIN,,,,,,,
1712,IS-095H,IS,095H,Honors Seminar,IS,1,,,MAIN,,,,,,,
1713,POL-040,POL,040,Empirical Political Research,POL,4,,,MAIN,,,QAR,,,,
1715,GRK-094,GRK,094,Tutorial:,RS,1,4,,MAIN,,,MFL,,,,
1716,MA-006,MA,006,Statistical Modeling,MA,4,,Y,MAIN,,,,,,,
1717,PEA-064,PEA,064,Vinyasa Yoga,KNS,1,,,MAIN,,,PEA,,,,
172,EB-006,EB,006,Survey of Principles of Econom,,2,,,MAIN,,,,,,,
1721,SP-180,SP,180,Spanish-American Women Writers,ML,4,,Y,MAIN,,,RIL,WSI,,,
1722,CHM-150,CHM,150,Special Topics:,CHM,1,4,,MAIN,,,,,,,
1723,PSY-198,PSY,198,Capstone Sr Research - Psych,PSY,4,,Y,MAIN,,,WSI,IMD,RES,,
1726,PSY-150,PSY,150,Cultural& Narrative PsychologyýTg and Cc,PSY,4,,,MID,WIJ,,,,,,
1727,IS-121,IS,121,Culture & Society,HIS,4,,,EUR,MED,WIJ,TG,SS,,,
1729,IS-180,IS,180,Human Trafficking Seminar,,4,,,URB,THAI,,SS,,,,
173,EB-011,EB,011,Principles of Macroeconomics,EB,4,,,MAIN,,,US,,,,
1730,IS-180,IS,180,Human Trafficking Seminar,IS,4,,,URB,THAI,ASIA,TG,,,,
1731,ED-198,ED,198,Research,ED,1,4,,MAIN,,,,,,,
1733,CHM-150,CHM,150,Special Topics,CHM,1,4,Y,MAIN,,,,,,,
1734,PEA-077,PEA,077,Break Dancing,KNS,1,,,MAIN,,,PEA,,,,
1735,PSY-150,PSY,150,Topics:,PSY,2,4,Y,MAIN,WIJ,,,,,,
1737,BIO-150,BIO,150,Topics:,BIO,1,4,Y,MAIN,,,,,,,
1739,CS-150,CS,150,Topics: Prereqs CS 30 & 45,MA,4,,Y,MAIN,,,,,,,
174,EB-011H,EB,011H,Princ of Macroecon: Honors,,4,,,MAIN,,,US,,,,
1740,CS-150,CS,150,Topics: Prereqs CS 30 & MA 20,MA,4,,Y,MAIN,,,,,,,
1741,CS-150,CS,150,Topics: Prereqs CS 30 & MA 09,MA,4,,Y,MAIN,,,,,,,
1742,PSY-117,PSY,117,Lifespan Development,PSY,4,,Y,MAIN,,,,,,,
1743,ENG-133,ENG,133,Major Amer Writers: Special Topics,ENG,4,,Y,MAIN,,,WSI,LIT,RIL,ENGN,
1744,BIO-120,BIO,120,Behavioral Ecology w/ Lab,BIO,4,,Y,MAIN,,,,,,,
1747,PSY-132,PSY,132,Cultural Psychology,PSY,4,,Y,MAIN,,,,,,,
1748,ENG-165,ENG,165,Topics in World Lit no WSI,ENG,4,,,MAIN,ENG,,LIT,TG,,,
1749,POL-122,POL,122,European Politics,POL,4,,Y,MAIN,,,,,,,
175,EB-012,EB,012,Principles of Microeconomics,EB,4,,,MAIN,,,US,,,,
1750,COM-134,COM,134,Conflict and Reconciliation: Case Study,,4,,,NI,MID,,,,,,
1752,TA-199,TA,199,Major Honors,TA,2,4,,MAIN,,,,,,,
1756,PEA-078,PEA,078,Cardio/Kickboxing,KNS,1,,,MAIN,,,PEA,,,,
1757,ENG-174,ENG,174,Eng Sem - Major Author,ENG,4,,,ENG,,,LIT,WSI,ENGE,ENGA,WA
1758,IS-120,IS,120,Culture & Society,HIS,4,,,EUR,MED,WIJ,CC,,,,
1759,CS-195,CS,195,Senior Seminar,MA,4,,Y,MAIN,,,IMD,WSI,,,
176,EB-012H,EB,012H,Princ of Microecon: Honors,,4,,,MAIN,,,US,,,,
1761,COM-199,COM,199,Major Honors,COM,2,4,,MAIN,,,PP,,,,
1764,IS-004,IS,004,Introductory Conversational Turkish I,IS,4,,,ISTAN,,,MFL,,,,
1769,COM-134,COM,134,Conflict and Reconciliation: Case Study,COM,4,,,NI,MID,,TH,,,,
177,EB-017,EB,017,Bus Research & Forecasting I,EB,2,,,MAIN,,,,,,,
1770,ENG-198,ENG,198,Research,ENG,2,4,,MAIN,,,,,,,
1772,SP-198,SP,198,Research,ML,1,4,,MAIN,,,,,,,
1774,SOC-160,SOC,160,Internet and Society,SOC,4,,Y,MAIN,,,,,,,
1775,PHI-007,PHI,007,Phi Perspect on Conflict and Peacemaking,PHI,4,,,NEUR,,,PR,,,,
1776,ART-180,ART,180,Art for Children,ART,4,,,MAIN,,,,,,,
1777,EB-140,EB,140,Seminar in Executive Leadership,EB,4,,Y,MAIN,,,,,,,
1778,CS-150,CS,150,Topics: Prereqs Cs 30 & 15,MA,4,,Y,MAIN,,,,,,,
1779,EB-030,EB,030,Principles of Corporate Finance,EB,4,,Y,MAIN,,,,,,,
178,EB-018,EB,018,Bus Research & Forecasting II,EB,2,,,MAIN,,,,,,,
1780,EB-130,EB,130,Financial Analysis & Earnings Management,EB,4,,Y,MAIN,,,,,,,
1781,ENG-060,ENG,060,Writers in Conversation,ENG,4,,Y,MAIN,,,LIT,RIL,WSI,,
1783,RS-120,RS,120,Reformation & Modern Christianity,RS,4,,Y,MAIN,,,TG,TH,,,
1784,BIO-141,BIO,141,Ornithology/Herpetology w/Lab,BIO,4,,Y,MAIN,,,,,,,
1786,MA-005,MA,005,Introduction to Statistics,MA,4,,Y,MAIN,,,RA,QAR,,,
1787,MA-008,MA,008,Functions and Models,MA,4,,Y,MAIN,,,QAR,RA,,,
1790,IS-005,IS,005,Introductory Conversational Turkish II,IS,4,,Y,MAIN,,,,,,,
1791,COM-148,COM,148,Postmodern Narratives,COM,4,,,MAIN,,,,,,,
1792,RS-119,RS,119,Early & Medieval Christianity,RS,4,,Y,MAIN,,,TH,TG,,,
1793,PEA-062,PEA,062,Advanced Mixed Martial Arts,KNS,1,,,MAIN,,,PEA,,,,
1794,EB-182,EB,182,The Modern Chinese and East Asian Econ,,4,,Y,ASIA,,,US,TG,,,
1795,KNS-101,KNS,101,Basic Biomechanics W/ Lab,KNS,4,,Y,MAIN,,,,,,,
1796,KNS-195,KNS,195,Senior Capstone,KNS,2,,,MAIN,,,IMD,,,,
1797,IS-006,IS,006,Introductory Conversational Turkish III,IS,4,,Y,MAIN,,,,,,,
1798,HIS-177,HIS,177,Transnational America,HIS,4,,,MAIN,SBD,,TG,TH,,,
1799,ART-111,ART,111,4D Intermedia,ART,4,,Y,MAIN,,,,,,,
18,SOC-121,SOC,121,New Religious Movements,SOC,4,,,MAIN,,,,,,,
1800,EB-183,EB,183,Social Entrepreneurship and Collective,EB,4,,Y,MAIN,SBD,,US,,,,
1801,SOC-183,SOC,183,Social Entreprenuership and Collective,SOC,4,,,MAIN,SBD,,US,,,,
1802,COM-135,COM,135,Studies in Public Discourse,COM,4,,Y,MAIN,,,RES,,,,
1803,ED-122,ED,122,English Curriculum & Planning: Secondary,ED,4,,,MAIN,,,,,,,
1804,ED-123,ED,123,History/Social Sci Curric & Plan:Sec,ED,4,,,MAIN,,,,,,,
1806,ED-124,ED,124,Math Curriculum & Planning: Secondary,ED,4,,,MAIN,,,,,,,
1807,ED-125,ED,125,Science Curriculum & Planning: Secondary,ED,4,,,MAIN,,,,,,,
1808,ED-126,ED,126,Spanish Curriculum & Planning: Secondary,ED,4,,,MAIN,,,,,,,
1809,ED-127,ED,127,Art Curriculum & Planning: Secondary,ED,4,,,MAIN,,,,,,,
181,EB-103,EB,103,History of Economic Thought,EB,4,,Y,MAIN,,,TH,WSI,,,
1810,ED-128,ED,128,Music Curriculum & Planning: Secondary,ED,4,,,MAIN,,,,,,,
1811,ED-129,ED,129,Physical Ed Curriculum & Planning: Sec,ED,4,,,MAIN,,,,,,,
1812,PHI-106,PHI,106,Modern Philosophy,PHI,4,,,MAIN,,,RA,,,,
1813,PHI-107,PHI,107,19th & 20th Century Philosophy,PHI,4,,,MAIN,,,RA,,,,
1814,HIS-047H,HIS,047H,Honors: Reacting to The Past,HIS,4,,,MAIN,,,TH,WSI,,,
1815,SP-173,SP,173,Cervantes's Don Quijote De La Mancha,ML,4,,,MAIN,,,,,,,
1817,PHI-108,PHI,108,Formal Logic,PHI,4,,,MAIN,,,RA,,,,
1818,PHI-105,PHI,105,Medieval Philosophy,PHI,4,,,MAIN,,,RA,,,,
1819,PHI-103,PHI,103,Ancient Philosophy,PHI,4,,,MAIN,,,RA,,,,
182,EB-104,EB,104,World Poverty & Economic Devel,EB,4,,Y,MAIN,,,TG,,,,
1820,HIS-182,HIS,182,Israeli-Palestinian Conflict,HIS,4,,,MAIN,,,TH,WSI,,,
1821,KNS-150,KNS,150,Topics:,KNS,2,4,,MAIN,,,,,,,
1823,PHI-015,PHI,015,Intellectual Virtue and Civil Discourse,PHI,4,,,MAIN,,,WSI,,,,
1824,PHI-137,PHI,137,Justice and Public Policy,PHI,4,,,MAIN,SBD,,TG,US,,,
1825,SOC-199,SOC,199,Major Honors,SOC,2,4,,MAIN,,,PP,,,,
1827,MUA-078,MUA,078,Choral Union I,MU,1,,,MAIN,,,,,,,
1828,MUA-178,MUA,178,Choral Union II,MU,1,,,MAIN,,,PP,,,,
1829,HIS-099,HIS,099,Foundations of History,HIS,4,,,MAIN,,,,,,,
1831,PHI-131,PHI,131,Theory & Criticism in The Arts,PHI,4,,,MAIN,,,WSI,,,,
1832,ENG-007H,ENG,007H,First-Year Honors Seminar in Literature,ENG,4,,,MAIN,,,RIL,WSI,LIT,ENGIM,
1835,CS-150,CS,150,Topics: Prereqs 1 Cs Course,MA,4,,,MAIN,,,,,,,
1838,ART-162,ART,162,Printmaking II,ART,4,,,MAIN,,,PP,,,,
1839,ART-161,ART,161,Printmaking I,ART,4,,,MAIN,,,,,,,
184,EB-106,EB,106,Environmental & Natural Resource Econ,EB,4,,Y,MAIN,,,,,,,
1841,POL-142,POL,142,The Politics of Film,POL,4,,,MAIN,,,US,,,,
1842,MU-093,MU,093,Junior Recital,MU,0,,,MAIN,,,,,,,
1843,HIS-134,HIS,134,Spirituality & Ritual in Med Mod Europe,HIS,4,,,MAIN,,,WSI,TH,,,
1846,KNS-140,KNS,140,Food Systems,KNS,4,,,MAIN,,,TG,SS,,,
1847,GER-094,GER,094,Tutorial:,ML,1,4,,MAIN,,,,,,,
1848,MA-003,MA,003,Statistics for Public Health,MA,3,,,GHU,,,QAR,,,,
1849,SOC-108,SOC,108,Quantitative Research Methods,SOC,4,,,MAIN,,,QAR,,,,
185,EB-116,EB,116,Antitrust & Regulatory Env of Business,EB,4,,Y,MAIN,,,,,,,
1850,PEA-064A,PEA,064A,Beginning Yoga,KNS,1,,,MAIN,,,PEA,,,,
1851,PEA-064B,PEA,064B,Intermediate Yoga,KNS,1,,,MAIN,,,PEA,,,,
1852,SOC-109,SOC,109,Qualitative Research Methods,SOC,4,,,MAIN,,,,,,,
1854,SOC-050,SOC,050,Topics:,SOC,2,4,,MAIN,,,,,,,
1856,MA-150,MA,150,Topics:,MA,4,,,MAIN,,,,,,,
186,EB-120,EB,120,American Economic History,EB,4,,Y,MAIN,,,TH,WSI,,,
1861,IS-007,IS,007,Beginning Chinese,IS,4,,,WEA,,,MFL,,,,
1862,IS-131,IS,131,Issues in Contemporary Chinese Society,IS,3,,,WEA,,,US,,,,
1866,AN-120,AN,120,Religion and Society,SOC,4,,,MAIN,,,,,,,
1867,APP-094,APP,094,Tutorial,APP,1,4,,MAIN,,,,,,,
1868,SOC-135,SOC,135,Gender & Sex Roles Crosscultural Perspec,SOC,4,,,MAIN,,,TG,,,,
1873,KNS-199,KNS,199,Major Honors,KNS,2,4,,MAIN,,,PP,,,,
1874,BIO-142,BIO,142,Marine Mammal Ecophys w/Lab,BIO,4,,,MAIN,,,,,,,
1876,IS-010H,IS,010H,Augustine and The Christian Tradition I,IS,4,,,MAIN,,,PR,,,,
1877,IS-020H,IS,020H,Augustine and The Christian Tradition II,IS,4,,,MAIN,,,US,WSI,,,
1881,HIS-047,HIS,047,Reacting to The Past,HIS,4,,,MAIN,,,TH,WSI,,,
1883,TA-120,TA,120,History of The Theatre I,TA,4,,,MAIN,,,WSI,TH,,,
1884,PHY-055,PHY,055,Topics:,PHY,4,,,MAIN,,,,,,,
1885,PEA-043A,PEA,043A,Beg/int Badminton,KNS,1,,,MAIN,,,PEA,,,,
1886,PEA-049A,PEA,049A,Pilates/yoga,KNS,1,,,MAIN,,,PEA,,,,
1887,PEA-048A,PEA,048A,Basketball Scout Team,KNS,1,,,MAIN,,,PEA,,,,
1888,RS-180,RS,180,Senior Seminar,RS,4,,,MAIN,,,IMD,WSI,,,
1889,HIS-188,HIS,188,Women in the Middle East,HIS,4,,,MAIN,,,WSI,TG,,,
189,EB-132,EB,132,Investments & Portfolio Management,EB,4,,Y,MAIN,,,,,,,
1890,PHY-008,PHY,008,Understanding Weather and Climate,PHY,4,,,MAIN,,,EPS,,,,
1891,RS-165,RS,165,Religions in Context/TG,RS,4,,,WIJ,,,TG,,,,
1892,RS-104,RS,104,Jesus in The Gospels and The Land,RS,4,,,WIJ,,,TH,,,,
1893,SOC-197,SOC,197,Senior Research Capstone,SOC,4,,,MAIN,,,IMD,,,,
1894,AN-197,AN,197,Senior Research Capstone,SOC,4,,,MAIN,,,IMD,,,,
1895,ENG-014,ENG,014,Introduction to Creative Writing,ENG,4,,,MAIN,,,WSI,,,,
1896,IS-124W,IS,124W,Culture & Society w/WSI,HIS,4,,,EUR,MED,NEUR,TH,WSI,,,
1897,KNS-159,KNS,159,Exploring Public Health,,2,,,MAIN,,,,,,,
1898,MU-131,MU,131,Piano Literature I,MU,1,,,MAIN,,,,,,,
1899,MU-132,MU,132,Piano Literature II,MU,1,,,MAIN,,,,,,,
19,SOC-120,SOC,120,Religion and Society,SOC,4,,Y,MAIN,,,,,,,
190,EB-135,EB,135,"Money, Banking and Financial Markets",EB,4,,Y,MAIN,,,,,,,
1900,MU-133,MU,133,Collaborative Piano,,1,,,MAIN,,,,,,,
1901,MU-134,MU,134,Piano Pedagogy,MU,1,,,MAIN,,,,,,,
1902,IS-051L,IS,051L,Academic Writing Lab,IS,1,,,MAIN,,,,,,,
1905,IS-188,IS,188,Engaging The City,IS,1,,,URB,,,,,,,
1906,IS-189,IS,189,"Faith, Culture, and Diversity",IS,4,,,URB,,,US,,,,
1907,PEA-041A,PEA,041A,Health and Fitness in The City,KNS,1,,,URB,,,PEA,,,,
1908,IS-140,IS,140,Global Studies Seminar I,IS,4,,,MAIN,,,US,,,,
1909,MUA-183,MUA,183,Orchestra II,MU,1,,,MAIN,,,PP,WA,PIA,,
191,EB-137,EB,137,Intermediate Macroeconomics,EB,4,,Y,MAIN,,,,,,,
1910,MUA-171,MUA,171,College Choir II,MU,1,,,MAIN,,,PP,WA,PIA,,
1911,IS-030H,IS,030H,Stories Worth Telling,IS,1,,,MAIN,,,,,,,
1913,EB-115,EB,115,Game Theory,EB,4,,,MAIN,,,,,,,
1914,COM-107,COM,107,Focus on Film,COM,1,,,MAIN,,,,,,,
1915,CS-128,CS,128,Information Retrieval and Big Data,MA,4,,,MAIN,,,,,,,
1916,POL-140,POL,140,Christianity and Politics,POL,4,,,MAIN,,,WSI,,,,
1917,POL-132,POL,132,American Political Thought,POL,4,,,MAIN,,,WSI,,,,
1920,MA-124,MA,124,Codes and Encryption,MA,4,,,MAIN,,,,,,,
1921,CS-124,CS,124,Codes and Encryption,MA,4,,,MAIN,,,,,,,
1922,TA-121,TA,121,History of The Theatre II,TA,4,,,MAIN,,,WSI,TH,,,
1923,IS-141,IS,141,Global Studies Capstone,IS,2,4,,MAIN,,,,,,,
1924,CHM-115,CHM,115,Advanced Biochemistry,CHM,4,,,MAIN,,,,,,,
1925,IS-008,IS,008,Christian Calling in Contemporary Soc,IS,2,,,MAIN,,,,,,,
1926,IS-187,IS,187,Social Entrepreneurship,IS,4,,,URB,,,,,,,
1928,COM-191,COM,191,Senior Capstone Internship,COM,4,8,,MAIN,,,,,,,
1929,COM-197,COM,197,Senior Capstone Research,COM,4,,,MAIN,,,,,,,
1930,IS-186,IS,186,Launching A Big Idea,IS,2,,,MAIN,SBD,,,,,,
1931,RS-145,RS,145,The Urban Church,RS,4,,,URB,,,,,,,
1932,TA-037,TA,037,Scenic Technology,TA,4,,,MAIN,,,,,,,
1933,TA-038,TA,038,Lighting Design,TA,4,,,MAIN,,,WA,,,,
1934,TA-051,TA,051,Acting The Song,,4,,,MAIN,,,WA,,,,
1935,TA-153,TA,153,Contemporary Theatre & Film Performance,TA,4,,,MAIN,,,,,,,
1936,SP-106,SP,106,Advanced Fluency and Communication,ML,4,,,MAIN,,,,,,,
1937,SP-125,SP,125,Introduction to Hispanic Literature,ML,4,,,MAIN,,,RIL,,,,
1938,SP-196,SP,196,Spanish Capstone,ML,4,,,MAIN,,,,,,,
1940,FR-110,FR,110,Chivalric Tradition in French Literature,ML,4,,,MAIN,,,,,,,
1941,CHM-121,CHM,121,Introductory Analytical Chem w/ Lab,CHM,4,,,MAIN,,,WSI,,,,
1942,CHM-195,CHM,195,Seminar,CHM,1,,,MAIN,,,IMD,,,,
1943,COM-191SS,COM,191SS,Senior Capstone Internship,,2,8,,MAIN,,,SS,,,,
1944,CHM-122,CHM,122,Advanced Analytical Chemistry w/Lab,CHM,2,,,MAIN,,,WSI,,,,
1945,HIS-73,HIS,73,Civil War & Reconstruct Amer,,4,,,MAIN,,,,,,,
1946,HIS-173,HIS,173,Civil War & Reconstruct Amer,HIS,4,,,MAIN,,,TH,,,,
1948,PEA-042A,PEA,042A,Body Mapping & Repetitive Motion Injury,,1,,,MAIN,,,PEA,,,,
1949,IS-031H,IS,031H,Calls Worth Answering,IS,1,,,MAIN,,,,,,,
195,EB-161,EB,161,International Marketing,EB,4,,Y,MAIN,,,,,,,
1950,IS-032H,IS,032H,"The Global, Local Church",,1,,,MAIN,,,,,,,
1951,IS-033H,IS,033H,Interpersonal Relationships,IS,1,,,MAIN,,,,,,,
1952,IS-034H,IS,034H,Stewardship,,1,,,MAIN,,,,,,,
1953,IS-035H,IS,035H,Encountering Creation,IS,1,,,MAIN,,,,,,,
1954,IS-036H,IS,036H,ASP/Honors: Topics Chosen By Instructor,IS,1,,,MAIN,,,,,,,
1955,IS-039H,IS,039H,Augustinian Seminar: Topics,,1,,,MAIN,,,,,,,
1956,MUA-094,MUA,094,Topics:,MU,1,4,,,,,,,,,
1957,EB-080,EB,080,Principles of Management,EB,4,,,MAIN,,,,,,,
1959,PEA-078A,PEA,078A,Zumba,KNS,1,,,MAIN,,,PEA,,,,
196,EB-170,EB,170,Auditing,EB,4,,Y,MAIN,,,,,,,
1960,EB-107,EB,107,Business At The Bottom of The Pyramid,EB,4,,,MAIN,SBD,,SS,TG,,,
1961,EB-191,EB,191,Entrepreneurship & New Venture Develop,EB,4,,,MAIN,SBD,,PP,WSI,TG,,
1962,EB-140,EB,140,Seminar in Executive Leadership,EB,4,,,MAIN,,,WSI,,,,
1963,EB-192,EB,192,Change and Innovation,EB,4,,,MAIN,SBD,,PP,WSI,,,
1964,IS-009,IS,009,Arabic II,IS,4,,,MAIN,,,MFL,,,,
1966,SP-110,SP,110,Hispanic Cultures: Spain,,4,,,MAIN,,,WSI,,,,
1967,EB-160,EB,160,Principles of Marketing,EB,4,,,MAIN,,,WSI,,,,
1968,IS-052,IS,052,Fundamentals of Language Diction,,2,,,MAIN,,,,,,,
1970,MUA-065,MUA,065,Instrument Studio,,1,,,MAIN,,,,,,,
1972,MU-124,MU,124,Survey of Vocal Literature,,1,,,MAIN,,,,,,,
1973,ART-199,ART,199,Major Honors,,1,4,,MAIN,,,PP,,,,
1974,FR-199,FR,199,Major Honors,,2,4,,MAIN,,,PP,,,,
1975,MU-199,MU,199,Major Honors,,2,4,,MAIN,,,PP,,,,
1976,CHM-004,CHM,004,"Chemistry, Culture & Society",CHM,4,,,MAIN,,,EPS,QAR,,,
1977,MA-198,MA,198,Mathematics Research,MA,1,4,,MAIN,,,,,,,
1979,PSY-118,PSY,118,Marriage 101: Learning to Love Well,,4,,,MAIN,,,,,,,
198,EB-184,EB,184,"Globalization: Econ Hist, Controv & Pros",EB,4,,Y,MAIN,,,TG,,,,
1980,ENG-046,ENG,046,Survey of British Literature to 1800,ENG,4,,,MAIN,,,LIT,TH,,,
1981,ENG-130,ENG,130,Major American Writers to 1865,ENG,4,,,MAIN,,,WSI,LIT,ENGN,TH,
1982,IS-060,IS,060,Emmaus Road Orientation,IS,1,,,MAIN,,,,,,,
1983,ENG-134,ENG,134,Ethnicity & Race in American Literature,ENG,4,,,MAIN,URB,,WSI,RIL,LIT,,
1984,IS-018,IS,018,Conflict and Peacemaking in 20th Century,IS,4,,,NEUR,,,TH,PR,,,
1985,PHY-105,PHY,105,Computational Physics,,2,,,MAIN,,,,,,,
1986,TA-196,TA,196,Senior Seminar: Launchpad,TA,4,,,MAIN,,,,,,,
1988,ENV-001,ENV,001,Introduction to Environmental Studies,BIO,4,,,MAIN,,,,,,,
1989,ENV-190,ENV,190,Environmental Studies Internship,BIO,1,4,,MAIN,URB,,,,,,
199,EB-185,EB,185,International Trade & Finance,,3,,Y,MAIN,,,,,,,
1990,HB-101,HB,101,Intermediate Hebrew,,4,,,MAIN,,,,,,,
1992,RS-132,RS,132,Theology in Film,,4,,,MAIN,,,,,,,
1993,RS-162,RS,162,Religion and Filmmaking,,4,,,MAIN,,,,,,,
1994,ENG-002ENV,ENG,002ENV,Composition: Environment,ENG,4,,,MAIN,,,WLA,WSI,,,
1995,ENG-6ENV,ENG,6ENV,Studies in Literature (Envnt),,4,,,MAIN,,,RIL,WSI,LIT,,
1996,ENG-006ENV,ENG,006ENV,Studies in Lit: Environment,ENG,4,,,MAIN,,,RIL,WSI,LIT,,
20,SOC-001,SOC,001,Introduction to Sociology,SOC,4,,,MAIN,,,US,,,,
200,EB-186,EB,186,Seminar on International Business Policy,EB,3,,Y,MAIN,,,,,,,
201,EB-187,EB,187,Comparative Economic Systems,,3,,Y,MAIN,,,,,,,
207,EB-195,EB,195,Senior Seminar,EB,1,,Y,MAIN,,,IMD,,,,
208,EB-009,EB,009,"Society, Morality & Enterprise",EB,4,,,MAIN,,,PR,,,,
209,ED-100,ED,100,Explorations in Teaching: Elem,ED,4,,,MAIN,,,WSI,SS,,,
211,ED-105,ED,105,Perspectives on Cultural Div & Education,ED,4,,,MAIN,,,TG,WSI,,,
212,ED-109,ED,109,Liberal Studies Seminar,ED,1,,,MAIN,,,IMD,,,,
216,ED-172,ED,172,Literature for Children & Adolescents,ED,4,,,MAIN,,,,,,,
220,ED-151,ED,151,"Curri., Manag., & Instruc: Sec",ED,2,,,MAIN,,,,,,,
224,ED-181,ED,181,Topics in Education: Secondary,ED,1,4,,MAIN,,,,,,,
226,ED-191,ED,191,Student Teaching: Secondary,ED,12,,,MAIN,,,,,,,
227,ED-195,ED,195,Student Teaching Seminar-Elementary,ED,3,,,MAIN,,,,,,,
228,ENG-002,ENG,002,Composition,ENG,4,,,MAIN,,,WLA,WSI,,,
230,ENG-006,ENG,006,Studies in Literature,ENG,4,,,MAIN,,,RIL,WSI,LIT,,
234,ENG-047,ENG,047,Survey of British Lit 1800-Present,ENG,4,,,MAIN,,,LIT,ENGH,,,
235,ENG-087,ENG,087,Introduction to Journalism,ENG,4,,Y,MAIN,,,WSI,,,,
236,ENG-090,ENG,090,Methods of Reading,ENG,4,,Y,MAIN,,,WSI,LIT,ENGIM,,
237,ENG-101,ENG,101,Film Studies,ENG,4,,Y,MAIN,,,WSI,,,,
240,ENG-105,ENG,105,History & Structure of English,,4,,Y,MAIN,,,,,,,
242,ENG-117,ENG,117,Shakespeare,ENG,4,,Y,MAIN,,,WSI,LIT,,,
243,ENG-121,ENG,121,Romantic Literature 1798-1832,ENG,4,,Y,MAIN,,,WSI,LIT,,,
244,ENG-122,ENG,122,Victorian Literature 1832-1900,ENG,4,,Y,MAIN,,,WSI,LIT,,,
246,ENG-131,ENG,131,Major American Writers 1865-1914,ENG,4,,,MAIN,,,WSI,LIT,ENGN,,
247,ENG-132,ENG,132,Major American Writers 1914-1945,ENG,4,,,MAIN,,,WSI,LIT,ENGN,,
248,ENG-133,ENG,133,Major Amer Writers: Special Topics,ENG,4,,Y,MAIN,,,WSI,LIT,ENGN,,
25,PSY-141,PSY,141,Fndmntls of Clinical & Counseling Psych,PSY,4,,Y,MAIN,,,,,,,
251,ENG-135,ENG,135,Faulkner,ENG,4,,Y,MAIN,,,WSI,LIT,ENGA,ENGN,
252,ENG-136,ENG,136,Jewish-American Literature,ENG,4,,,MAIN,,,WSI,LIT,SS,,
254,ENG-151,ENG,151,Milton and The Early 17th Century,ENG,4,,Y,MAIN,,,WSI,LIT,ENGE,ENGA,
255,ENG-152,ENG,152,Chaucer & Medieval Literature,ENG,4,,Y,MAIN,,,WSI,LIT,ENGE,ENGA,
256,ENG-158,ENG,158,Lit of The Eng Renaissance 1485-1600,ENG,4,,Y,MAIN,,,WSI,LIT,,,
257,ENG-160,ENG,160,Women Writers,ENG,4,,,MAIN,,,WSI,LIT,,,
259,ENG-166,ENG,166,Neoclassic Literature 1660-1798,ENG,4,,Y,MAIN,,,WSI,LIT,ENGE,,
260,ENG-170,ENG,170,British Novel 1700-Present,ENG,4,,Y,MAIN,ENG,,WSI,LIT,,,
261,ENG-181,ENG,181,Twentieth-Century Poetry,ENG,4,,Y,MAIN,,,WSI,LIT,,,
262,ENG-182,ENG,182,Modern & Contemporary Fiction,ENG,4,,Y,MAIN,,,WSI,LIT,,,
263,ENG-183,ENG,183,Modern and Contemporary Drama,ENG,4,,Y,MAIN,,,WSI,LIT,,,
267,ENG-197,ENG,197,Comprehensive Examination,ENG,2,,,MAIN,,,IMD,LIT,,,
268,ENG-199,ENG,199,Major Honors,ENG,2,4,,MAIN,,,WSI,PP,,,
278,FR-101,FR,101,Survey of French Lit I: Middle Ages-1800,ML,4,,Y,MAIN,,,RIL,WSI,MFL,,
279,FR-102,FR,102,Survey of French Lit II 1800-Present,ML,4,,Y,MAIN,,,RIL,WSI,MFL,,
280,FR-103,FR,103,French Theatre of The 17th Century,ML,4,,Y,MAIN,,,RIL,WSI,MFL,,
281,FR-104,FR,104,French Novel of The 19th Century,ML,4,,Y,MAIN,,,RIL,WSI,,,
282,FR-105,FR,105,French Literature of The 20th Century,ML,4,,Y,MAIN,,,RIL,WSI,MFL,,
285,FR-195,FR,195,Seminar,,2,4,Y,MAIN,,,,,,,
296,KNS-072,KNS,072,Foundations,KNS,2,,,MAIN,,,WSI,,,,
298,BIO-012,BIO,012,Human Physiology w/ Lab,BIO,4,,,MAIN,,,ELS,,,,
302,KNS-110,KNS,110,Cardiovascular Dynamics,KNS,3,,Y,MAIN,,,,,,,
307,KNS-152,KNS,152,Therapeutic Exercise & Modalities,KNS,2,,Y,MAIN,,,,,,,
308,KNS-153,KNS,153,Dance Theory & Technique,KNS,2,,,MAIN,,,,,,,
309,KNS-155,KNS,155,Fundamentals of Movement,KNS,2,,,MAIN,,,,,,,
311,KNS-157,KNS,157,Psychology and Sociology of Movement,KNS,4,,,MAIN,,,,,,,
313,KNS-160,KNS,160,Strength & Conditioning,KNS,3,,Y,MAIN,,,,,,,
315,KNS-166,KNS,166,Public Speaking in Kinesiology,KNS,4,,,MAIN,,,WSI,,,,
318,PEA-032,PEA,032,Fitness for Life,KNS,1,,,MAIN,,,PEF,,,,
319,PEA-010,PEA,010,Water Polo,,1,,,MAIN,,,PEA,,,,
32,TA-010,TA,010,Acting I: Foundations,TA,4,,,MAIN,,,PIA,WA,,,
320,PEA-011,PEA,011,Boot Camp,KNS,1,,,MAIN,,,PEA,,,,
323,KNS-185,KNS,185,Motor Behavior,KNS,2,,Y,MAIN,,,,,,,
325,PEA-013,PEA,013,Lifeguard Training,KNS,2,,,MAIN,,,PEA,,,,
328,PEA-014,PEA,014,"Scuba, Open Water",KNS,1,,,MAIN,,,PEA,,,,
329,PEA-015,PEA,015,"Swimming, Beg/Int",KNS,1,,,MAIN,,,PEA,,,,
330,PEA-016,PEA,016,"Swimming, Advanced",KNS,1,,Y,MAIN,,,PEA,,,,
331,PEA-017,PEA,017,"Sailing, Advanced",,1,,Y,MAIN,,,PEA,,,,
332,MA-001,MA,001,Basic Mathematics,,4,,,MAIN,,,,,,,
334,PEA-018,PEA,018,Synchronized Swimming,,1,,,MAIN,,,PEA,,,,
335,PEA-019,PEA,019,Water Safety Instruction,,1,,,MAIN,,,PEA,,,,
336,MA-007,MA,007,Finite Mathematics,,4,,Y,MAIN,,,RA,QAR,,,
337,MA-009,MA,009,Calculus I,MA,4,,Y,MAIN,,,RA,QAR,,,
339,PEA-022,PEA,022,"Sailing, Intermediate",KNS,1,,Y,MAIN,,,PEA,,,,
340,MA-010,MA,010,Calculus II,MA,4,,Y,MAIN,,,RA,QAR,,,
341,PEA-023,PEA,023,Outrigger Canoeing,KNS,1,,,MAIN,,,PEA,,,,
342,MA-010H,MA,010H,Calculus II Honors,MA,4,,Y,MAIN,,,RA,QAR,,,
344,MA-015,MA,015,Discrete Mathematics,MA,4,,Y,MAIN,,,RA,QAR,,,
345,MA-019,MA,019,Multivariable Calculus,MA,4,,Y,MAIN,,,RA,QAR,,,
346,MA-020,MA,020,Linear Algebra,MA,4,,Y,MAIN,,,,,,,
347,MA-040,MA,040,Differential Equations,MA,4,,Y,MAIN,,,,,,,
349,MA-108,MA,108,Mathematical Analysis,MA,4,,Y,MAIN,,,WSI,,,,
351,MA-110,MA,110,Modern Algebra,MA,4,,Y,MAIN,,,WSI,,,,
352,MA-111,MA,111,Advanced Modern Algebra,MA,4,,Y,MAIN,,,,,,,
353,MA-121,MA,121,Introduction to Numerical Analysis,,4,,Y,MAIN,,,,,,,
354,MA-123,MA,123,Number Theory,MA,4,,Y,MAIN,,,,,,,
355,MA-130,MA,130,Probability & Statistics,MA,4,,Y,MAIN,,,,,,,
356,MA-135,MA,135,Formal Languages & Automata,MA,4,,Y,MAIN,,,,,,,
357,MA-136,MA,136,Geometry,MA,4,,Y,MAIN,,,WSI,,,,
358,MA-140,MA,140,Complex Analysis,MA,4,,Y,MAIN,,,IMD,,,,
360,MA-155,MA,155,History of Mathematics,MA,4,,Y,MAIN,,,IMD,,,,
361,MA-160,MA,160,Fundamentals of Mathematics I,MA,4,,,MAIN,,,RA,,,,
362,MA-165,MA,165,Fundamentals of Mathematics II,MA,2,,Y,MAIN,,,QAR,,,,
366,MU-012,MU,012,Principles of Music II,MU,4,,Y,MAIN,,,,,,,
368,PEA-026,PEA,026,"Dance, Folk",,1,,,MAIN,,,PEA,,,,
369,PEA-028,PEA,028,"Dance, Country Line",,1,,,MAIN,,,PEA,,,,
370,PEA-029,PEA,029,Aerobics,KNS,1,,,MAIN,,,PEA,,,,
371,PEA-030,PEA,030,Ballroom/Swing,KNS,1,,,MAIN,,,PEA,,,,
372,PEA-031,PEA,031,Fencing,KNS,1,,,MAIN,,,PEA,,,,
375,PEA-036,PEA,036,Self Defense (Women),KNS,1,,,MAIN,,,PEA,,,,
376,PEA-037,PEA,037,Weight Training (Men),KNS,1,,,MAIN,,,PEA,,,,
377,PEA-038,PEA,038,Weight Training (Women),KNS,1,,,MAIN,,,PEA,,,,
378,PEA-024,PEA,024,Weight Training (Coed),,1,,,MAIN,,,PEA,,,,
379,PEA-040,PEA,040,Shallow Water Aerobics,KNS,1,,,MAIN,,,PEA,,,,
38,CHM-005,CHM,005,General Chemistry I w/ Lab,CHM,4,,Y,MAIN,,,EPS,QAR,,,
380,MU-015,MU,015,Conducting,MU,2,,Y,MAIN,,,,,,,
381,PEA-039,PEA,039,Weight Training (Coed),KNS,1,,,MAIN,,,PEA,,,,
385,PEA-043,PEA,043,Beg/Int Badminton/pickleball,KNS,1,,,MAIN,,,PEA,,,,
386,MU-112,MU,112,Principles of Music IV,MU,4,,Y,MAIN,,,,,,,
387,PEA-045,PEA,045,"Tennis, Beg/Int",KNS,1,,,MAIN,,,PEA,,,,
389,PEA-046,PEA,046,"Tennis, Advanced",KNS,1,,Y,MAIN,,,PEA,,,,
390,PEA-048,PEA,048,"Basketball, Beg/Int",,1,,,MAIN,,,PEA,,,,
391,MU-115,MU,115,Advanced Conducting,MU,2,,Y,MAIN,,,,,,,
392,MU-117,MU,117,Orchestration and Arranging,MU,4,,Y,MAIN,,,,,,,
393,PEA-050,PEA,050,Mountain Biking,KNS,1,,,MAIN,,,PEA,,,,
394,PEA-051,PEA,051,Ultimate Frisbee/New Games,KNS,1,,,MAIN,,,PEA,,,,
396,PEA-052,PEA,052,"Golf, Beg/Int",KNS,1,,,MAIN,,,PEA,,,,
397,MU-120,MU,120,History of Western Music I,MU,4,,Y,MAIN,,,PIA,WA,,,
399,PEA-053,PEA,053,"Golf, Advanced",,1,,Y,MAIN,,,PEA,,,,
40,CHM-102,CHM,102,Organic Chemistry II w/ Lab,CHM,4,,Y,MAIN,,,,,,,
400,PEA-054,PEA,054,"Gymnastics, Beg/Int (Men)",,1,,,MAIN,,,PEA,,,,
401,PEA-055,PEA,055,"Gymnastics, Beg/Int (Women)",,1,,,MAIN,,,PEA,,,,
402,MU-122,MU,122,Music in The Worshipping Church,MU,4,,,MAIN,E-MAY,,,,,,
403,PEA-057,PEA,057,"Archery, Beg/Int",KNS,1,,,MAIN,,,PEA,,,,
404,PEA-059,PEA,059,"Soccer, Beg/Int",,1,,,MAIN,,,PEA,,,,
405,PEA-060,PEA,060,Softball,,1,,,MAIN,,,PEA,,,,
406,PEA-061,PEA,061,"Volleyball, Beg/Int",KNS,1,,,MAIN,,,PEA,,,,
408,PEA-063,PEA,063,Beach Volleyball,KNS,1,,Y,MAIN,,,PEA,,,,
409,MU-185,MU,185,Music in The Secondary Schools,MU,4,,,MAIN,,,,,,,
41,CHM-006,CHM,006,General Chemistry II w/ Lab,CHM,4,,Y,MAIN,,,,,,,
411,PEA-065,PEA,065,"Gymnastics, Adv (Coed)",,1,,,MAIN,,,PEA,,,,
412,MU-193,MU,193,Senior Recital/Project,MU,2,,,MAIN,,,PP,,,,
414,PEA-068,PEA,068,Triathlon Training,,1,,,MAIN,,,PEA,,,,
415,PEA-070,PEA,070,Ballet Basics,KNS,1,,,MAIN,,,PEA,,,,
417,PEA-072,PEA,072,Creative and Modern Dance,KNS,1,,,MAIN,,,PEA,,,,
419,PEA-074,PEA,074,Jazz Basics,KNS,1,,,MAIN,,,PEA,,,,
42,CHM-125,CHM,125,Analog & Digital Instrumental Analysis,,4,,,MAIN,,,,,,,
421,PEA-080,PEA,080,Cheerleading,,1,,,MAIN,,,PEA,,,,
422,PEA-081,PEA,081,Varsity Baseball-Men,KNS,1,,,MAIN,,,PEA,,,,
423,PEA-082,PEA,082,Varsity Basketball - Men,KNS,1,,,MAIN,,,PEA,,,,
424,PEA-083,PEA,083,Varsity Cross-Country - Men,KNS,1,,,MAIN,,,PEA,,,,
425,PEA-084,PEA,084,Varsity Cross-Country - Women,KNS,1,,,MAIN,,,PEA,,,,
426,PEA-085,PEA,085,Varsity Tennis-Men,KNS,1,,,MAIN,,,PEA,,,,
427,PEA-086,PEA,086,Varsity Tennis-Women,KNS,1,,,MAIN,,,PEA,,,,
428,PEA-087,PEA,087,Varsity Track & Field-Men,KNS,1,,,MAIN,,,PEA,,,,
429,PEA-088,PEA,088,Varsity Track & Field-Women,KNS,1,,,MAIN,,,PEA,,,,
43,CHM-131,CHM,131,Physical Chemistry II,CHM,3,,Y,MAIN,,,,,,,
430,PEA-089,PEA,089,Varsity Soccer - Men,KNS,1,,,MAIN,,,PEA,,,,
431,PEA-090,PEA,090,Varsity Soccer - Women,KNS,1,,,MAIN,,,PEA,,,,
432,PEA-091,PEA,091,Varsity Volleyball - Women,KNS,1,,,MAIN,,,PEA,,,,
433,PEA-092,PEA,092,Varsity Basketball - Women,KNS,1,,,MAIN,,,PEA,,,,
434,MUA-005,MUA,005,Preparatory Piano,MU,1,,,MAIN,,,,,,,
437,MUA-130,MUA,130,Private Composition II,MU,2,,Y,MAIN,,,PP,,,,
441,HIS-007,HIS,007,United States to 1877,HIS,4,,,MAIN,,,TH,,,,
443,HIS-008,HIS,008,United States 1877 - Present,HIS,4,,,MAIN,,,TH,,,,
449,HIS-012,HIS,012,Greece,,4,,,MAIN,,,TH,,,,
459,MUA-172,MUA,172,Chamber Singers II,MU,1,,Y,MAIN,,,PP,,,,
472,HIS-046,HIS,046,Russia: 1700 to Present,,4,,,MAIN,,,,,,,
473,HIS-083,HIS,083,Modern China and Japan,HIS,4,,,MAIN,,,TG,,,,
474,HIS-091,HIS,091,Topics in Women's History,,4,,,MAIN,,,,,,,
475,HIS-094,HIS,094,Tutorial,HIS,1,4,,MAIN,,,,,,,
483,HIS-121,HIS,121,The Medieval Mediterranean,HIS,4,,,MAIN,,,TG,TH,,,
485,LS-012,LS,012,Introduction to Life Sciences,BIO,4,,,MAIN,,,ELS,,,,
486,LS-013,LS,013,"Biology, Values & The Developing World",,4,,,MAIN,,,,,,,
487,HIS-133,HIS,133,Renaissance Europe,HIS,4,,,MAIN,,,,,,,
489,PHS-007,PHS,007,Astronomy: Discov The Universe,PHY,4,,,MAIN,,,EPS,QAR,,,
491,PHS-011,PHS,011,Introduction to Physical Sciences,PHY,4,,,MAIN,,,EPS,QAR,,,
492,PHS-017,PHS,017,Physics of Music,PHY,4,,,MAIN,,,EPS,QAR,,,
494,HIS-140,HIS,140,European Politics & Diplomacy Since 1789,HIS,4,,,MAIN,,,,,,,
496,HIS-141,HIS,141,European Society & Culture since 1789,HIS,4,,,MAIN,,,,,,,
498,HIS-142,HIS,142,European Intellectual History,HIS,4,,,MAIN,,,TH,,,,
507,HIS-156,HIS,156,France: 1500 to Present,HIS,4,,,MAIN,,,TH,WSI,,,
508,PHI-006H,PHI,006H,Philosophical Perspectives: Honors,PHI,4,,,MAIN,,,PR,,,,
509,HIS-161,HIS,161,Latin America to Independence,HIS,4,,,MAIN,,,,,,,
510,PHI-012,PHI,012,Critical Reasoning & Logic,PHI,4,,,MAIN,,,RA,,,,
511,HIS-162,HIS,162,Mod & Contemporary Latin Amer,HIS,4,,,MAIN,,,TH,,,,
512,PHI-101,PHI,101,Ancient & Medieval Philosophy,PHI,4,,Y,MAIN,,,RA,,,,
513,HIS-171,HIS,171,Colonial & Revolutionary Amer,HIS,4,,,MAIN,,,WSI,TH,,,
514,PHI-102,PHI,102,Modern & Contemporary Philosophy,PHI,4,,Y,MAIN,,,RA,,,,
517,HIS-175,HIS,175,Recent America,HIS,4,,,MAIN,,,,,,,
518,HIS-178,HIS,178,California Experience,HIS,4,,,MAIN,,,US,,,,
519,PHI-113,PHI,113,Contemporary Moral Problems,PHI,4,,Y,MAIN,,,,,,,
520,HIS-179,HIS,179,California History and Lit,,4,,,MAIN,,,,,,,
521,PHI-130,PHI,130,Philosophical Theology,PHI,4,,Y,MAIN,,,,,,,
522,HIS-180,HIS,180,"The Age of Islamic Empires, 600-1800",HIS,4,,,MAIN,,,,,,,
523,HIS-181,HIS,181,"The Modern Middle East, 1800-Present",HIS,4,,,MAIN,,,TG,,,,
527,HIS-184,HIS,184,History of Christianity-Asia,HIS,4,,,MAIN,,,,,,,
528,PHI-149,PHI,149,Philosophy of History,PHI,4,,,MAIN,,,,,,,
53,BIO-114,BIO,114,Genetics w/ Lab,BIO,4,,Y,MAIN,,,WSI,,,,
530,PHI-150,PHI,150,Topics:,PHI,2,4,,MAIN,,,,,,,
531,HIS-186,HIS,186,Modern South Asia,HIS,4,,,MAIN,,,TH,,,,
533,PHI-163,PHI,163,Philosophy of Religion,PHI,4,,Y,MAIN,,,,,,,
535,PHI-170,PHI,170,Epistemology,PHI,4,,Y,MAIN,,,,,,,
537,PHI-189,PHI,189,Aesthetics,,4,,,MAIN,,,,,,,
538,HIS-198,HIS,198,Senior Research Seminar,HIS,4,,Y,MAIN,,,IMD,WSI,,,
539,PHI-195,PHI,195,Senior Seminar,PHI,4,,,MAIN,,,WSI,IMD,,,
54,BIO-005,BIO,005,General Biology I w/ Lab,BIO,4,,Y,MAIN,,,ELS,,,,
540,POL-010,POL,010,American Government,POL,4,,,MAIN,,,US,,,,
541,PHI-194,PHI,194,Tutorial:,PHI,1,4,,MAIN,,,,,,,
543,PHY-007,PHY,007,Physics of Music,PHY,4,,,MAIN,,,EPS,QAR,,,
544,POL-020,POL,020,International Politics,POL,4,,,MAIN,,,TG,,,,
545,PHY-011,PHY,011,Physics for Life Sciences I,PHY,4,,Y,MAIN,,,EPS,QAR,,,
547,PHY-013,PHY,013,Physics for Life Sciences II,PHY,4,,Y,MAIN,,,EPS,QAR,,,
549,POL-102,POL,102,State and Community Politics,POL,4,,,MAIN,,,,,,,
55,BIO-006,BIO,006,General Biology II w/ Lab,BIO,4,,Y,MAIN,,,ELS,,,,
550,POL-103,POL,103,Governing: Doing Public Policy,POL,4,,,MAIN,,,,,,,
551,PHY-014,PHY,014,Physics for Life Sciences Lab,PHY,1,,,MAIN,,,,,,,
554,PHY-021,PHY,021,General Physics I,PHY,4,,,MAIN,,,EPS,QAR,,,
555,PHY-022,PHY,022,General Physics Lab I,PHY,1,,,MAIN,,,WSI,,,,
556,PHY-024,PHY,024,General Physics Laboratory II,PHY,1,,,MAIN,,,WSI,,,,
559,PHY-040,PHY,040,Differential Equations,PHY,4,,Y,MAIN,,,,,,,
561,PHY-117,PHY,117,Exploration of the Universe,,4,,,MAIN,,,,,,,
563,POL-105,POL,105,The Presidency,POL,4,,Y,MAIN,,,,,,,
564,POL-106,POL,106,Presidential Election Politics,POL,4,,,MAIN,,,,,,,
566,POL-111,POL,111,American Foreign Policy,POL,4,,Y,MAIN,,,,,,,
567,POL-112,POL,112,International Org and Law,POL,4,,Y,MAIN,,,WSI,PP,,,
570,POL-123,POL,123,Comparative For & Sec Pol,POL,4,,Y,MAIN,,,,,,,
573,PHY-122,PHY,122,Quantum Mechanics II,PHY,4,,Y,MAIN,,,,,,,
574,POL-124,POL,124,International Development,POL,4,,Y,MAIN,,,TG,,,,
575,PHY-130,PHY,130,Mechanics,PHY,4,,Y,MAIN,,,,,,,
576,POL-126,POL,126,"Sex, Gender and Power",POL,4,,,MAIN,,,TG,,,,
577,PHY-131,PHY,131,Classical Mechanics,PHY,4,,Y,MAIN,,,,,,,
578,POL-130,POL,130,Classical Political Theory,POL,4,,Y,MAIN,,,TH,WSI,,,
579,PHY-135,PHY,135,Materials Science,,4,,Y,MAIN,,,,,,,
580,PHY-142,PHY,142,Circuits & Electronics,PHY,4,,Y,MAIN,,,,,,,
581,PHY-143,PHY,143,Electronics Laboratory,PHY,1,,,MAIN,,,,,,,
582,PHY-151,PHY,151,Electromagnetic Waves & Optics,PHY,4,,,MAIN,,,,,,,
584,POL-131,POL,131,Modern Political Theory,POL,4,,Y,MAIN,,,WSI,,,,
586,PHY-155,PHY,155,Topics:,PHY,4,,Y,MAIN,,,,,,,
587,POL-133,POL,133,Contemporary Political Theory,POL,4,,Y,MAIN,,,,,,,
589,POL-150,POL,150,Seminar,POL,4,,,MAIN,,,,,,,
592,PHY-170,PHY,170,Advanced Physics Laboratory,PHY,1,,Y,MAIN,,,,,,,
598,PHY-194,PHY,194,Tutorial:,PHY,1,4,,MAIN,,,,,,,
601,PSY-111,PSY,111,History and Systems of Psychology,PSY,4,,Y,MAIN,,,,,,,
604,PSY-120,PSY,120,Cognitive Psychology w/ Lab,PSY,4,,Y,MAIN,,,WSI,,,,
606,GRK-001,GRK,001,Elementary Greek I,RS,4,,,MAIN,,,MFL,,,,
607,GRK-002,GRK,002,Elementary Greek II,RS,4,,Y,MAIN,,,MFL,,,,
609,PSY-124,PSY,124,Sensation & Perception w/ Lab,PSY,4,,Y,MAIN,,,,,,,
613,PSY-131,PSY,131,Abnormal Psychology,PSY,4,,Y,MAIN,,,,,,,
615,PSY-140,PSY,140,Personality,PSY,4,,Y,MAIN,,,,,,,
616,PSY-150,PSY,150,Topics:,PSY,2,4,Y,MAIN,WIJ,,,,,,
620,PSY-192,PSY,192,Indiv Research in Psychology,PSY,1,4,,MAIN,,,,,,,
621,PSY-197,PSY,197,Capstone Sr Research -Psych I,PSY,2,,Y,MAIN,,,WSI,IMD,RES,,
622,PSY-198,PSY,198,Capstone Sr Research -Psych II,PSY,2,,Y,MAIN,,,WSI,IMD,RES,,
623,AN-001,AN,001,Intro to Cultural Anthropology,SOC,4,,,MAIN,,,US,,,,
624,SOC-020,SOC,020,Contemporary Marriage,SOC,4,,,MAIN,,,,,,,
625,AN-115,AN,115,Peoples and Cultures,SOC,4,,,MAIN,,,TG,,,,
626,AN-130,AN,130,Applied Anthropology,SOC,4,,,MAIN,,,,,,,
627,AN-135,AN,135,Gender & Sex Roles Crosscultural Perspec,SOC,4,,,MAIN,,,TG,,,,
628,AN-140,AN,140,Food Systems,SOC,4,,,MAIN,,,TG,SS,,,
629,AN-145,AN,145,Culture Theory,SOC,4,,,MAIN,,,WSI,,,,
630,AN-150,AN,150,Cross-Cultural Communication,SOC,4,,Y,MAIN,,,,,,,
631,AN-155,AN,155,Sociology of Global Inequality & Develop,SOC,4,,Y,MAIN,,,,,,,
633,AN-195,AN,195,Senior Seminar,SOC,2,4,Y,MAIN,,,IMD,,,,
635,BIO-040,BIO,040,Human Nutrition,BIO,4,,,MAIN,,,,,,,
639,BIO-104,BIO,104,Marine Biology w/ Lab,BIO,4,,Y,MAIN,,,,,,,
64,CHM-133,CHM,133,Physical Chemistry II Lab,CHM,1,,,MAIN,,,,,,,
641,GRK-101,GRK,101,Intermediate Greek I,RS,4,,Y,MAIN,,,,,,,
642,GRK-102,GRK,102,Intermediate Greek II,RS,4,,Y,MAIN,,,,,,,
643,GRK-151,GRK,151,Advanced Greek Reading,,4,,,MAIN,,,,,,,
644,HB-001,HB,001,Elementary Hebrew I,RS,4,,,MAIN,,,MFL,,,,
645,HB-002,HB,002,Elementary Hebrew II,RS,4,,Y,MAIN,,,MFL,,,,
647,GER-002,GER,002,Elementary German II,ML,4,,,MAIN,,,MFL,,,,
649,GER-004,GER,004,Intermediate German II,ML,4,,,MAIN,,,MFL,,,,
65,PEA-020,PEA,020,"Sailing, Beginning",KNS,1,,,MAIN,,,PEA,,,,
650,RS-001,RS,001,Introduction to Old Testament,RS,4,,,MAIN,,,OT,,,,
651,RS-001H,RS,001H,Intro to Old Testament: Honors,RS,4,,,MAIN,,,OT,,,,
653,RS-020H,RS,020H,Intro Christian Doc: Honors,,4,,,MAIN,,,CD,,,,
655,RS-100,RS,100,Found Spiritual Formation,RS,4,,,MAIN,,,IMD,,,,
659,RS-102,RS,102,Poetic & Wisdom Lit Old Test,RS,4,,Y,MAIN,,,,,,,
660,RS-103,RS,103,Christian Apologetics,RS,4,,Y,MAIN,,,RA,,,,
666,BIO-124,BIO,124,"Biology, Values & the Developing World",BIO,4,,Y,MAIN,,,IMD,,,,
669,BIO-128,BIO,128,Comparative/Env Physiol w/ Lab,BIO,4,,Y,MAIN,,,,,,,
670,RS-106,RS,106,OT Ancient Near East Context,RS,4,,Y,MAIN,,,,,,,
671,RS-107,RS,107,New Testament Seminar,RS,4,,,MAIN,,,WSI,IMD,,,
672,RS-108,RS,108,Prophetic Lit Old Testament,RS,4,,Y,MAIN,,,,,,,
674,RS-110,RS,110,Jesus in the Gospels,RS,4,,Y,MAIN,,,,,,,
676,BIO-132,BIO,132,Molecular Biology w/ Lab,BIO,4,,Y,MAIN,,,,,,,
677,RS-111,RS,111,Paul and His Legacy,RS,4,,Y,MAIN,,,,,,,
680,RS-113,RS,113,Church in the New Testament,RS,4,,Y,MAIN,,,SS,,,,
681,BIO-150,BIO,150,Topics:,BIO,1,4,Y,MAIN,,,,,,,
682,BIO-151,BIO,151,Plant Classification w/ Lab,BIO,4,,Y,MAIN,,,,,,,
683,RS-114,RS,114,The World of The New Testament,RS,4,,Y,MAIN,,,,,,,
686,RS-116,RS,116,The Apocalypse,RS,4,,Y,MAIN,,,,,,,
690,RS-121,RS,121,"Modern Christianity, 1650-1914",RS,4,,,MAIN,,,,,,,
692,RS-122,RS,122,Contemporary Christianity,RS,4,,,MAIN,,,TG,TH,,,
694,BIO-192,BIO,192,Lab/Instructional Practicum,BIO,1,,,MAIN,,,,,,,
695,BIO-195,BIO,195,Seminar in Biological Literature,BIO,1,,,MAIN,,,IMD,,,,
696,BIO-196,BIO,196,Seminar in Bioethics,BIO,1,,,MAIN,,,IMD,,,,
697,BIO-197,BIO,197,Biology & Faith,BIO,4,,,MAIN,,,IMD,,,,
698,RS-123,RS,123,American Christianity,RS,4,,,MAIN,,,,,,,
699,BIO-198,BIO,198,Research,BIO,1,4,,MAIN,,,,,,,
7,PSY-001,PSY,001,General Psychology,PSY,4,,,MAIN,,,ELS,,,,
700,RS-124,RS,124,Old Testament Theology,RS,4,,Y,MAIN,,,,,,,
701,CHM-001,CHM,001,Introductory General Chemistry,,4,,,MAIN,,,EPS,QAR,,,
702,RS-125,RS,125,Theology,RS,4,,Y,MAIN,,,WSI,,,,
704,RS-126,RS,126,Topical Theology,RS,4,,Y,MAIN,,,,,,,
705,RS-127,RS,127,Theological Formation,RS,4,,Y,MAIN,,,,,,,
709,CHM-005H,CHM,005H,General Chemistry I w/ Lab: Honors,CHM,4,,Y,MAIN,,,EPS,QAR,,,
71,APP-062,APP,062,Leadership Skills/Fieldwork,APP,1,,,MAIN,,,SS,,,,
711,RS-130,RS,130,Philosophical Theology,RS,4,,Y,MAIN,,,,,,,
712,RS-131,RS,131,Seminar in Theology,RS,1,4,Y,MAIN,,,,,,,
713,CHM-006H,CHM,006H,General Chemistry II w/ Lab: Honors,CHM,4,,Y,MAIN,,,,,,,
716,CHM-014,CHM,014,Scientific Glassblowing,CHM,1,,,MAIN,,,,,,,
72,APP-063,APP,063,Issues & Case Studies in Leadership,,2,,,MAIN,,,,,,,
722,RS-138,RS,138,Judaism,RS,4,,,MAIN,,,,,,,
723,RS-139,RS,139,World of Islam,RS,4,,,MAIN,,,TG,,,,
724,RS-142,RS,142,World Religions,RS,4,,,MAIN,,,TG,,,,
726,RS-150,RS,150,Theological History Seminar,RS,4,,,MAIN,,,,,,,
729,RS-157,RS,157,History of Christian Mission,RS,4,,,MAIN,,,,,,,
730,RS-159,RS,159,Missiology,RS,4,,,MAIN,,,TG,,,,
731,RS-163,RS,163,Philosophy of Religion,RS,4,,Y,MAIN,,,,,,,
732,RS-165,RS,165,Religions in Context,RS,4,,,ISTAN,,,TH,,,,
734,CHM-104,CHM,104,Advanced Inorganic Chemistry,CHM,4,,Y,MAIN,,,,,,,
739,SOC-101,SOC,101,Principles of Sociology,,4,,,MAIN,,,,,,,
741,SOC-106,SOC,106,Social Research Methods,SOC,4,,Y,MAIN,,,,,,,
742,SOC-107,SOC,107,Qualitative & Quantitative Analy w/Lab,SOC,4,,Y,MAIN,,,QAR,,,,
75,APP-090,APP,090,Inoculum: Wilderness/Orient,APP,1,,,MAIN,,,,,,,
750,SOC-138,SOC,138,Complex Organizations,,4,,Y,MAIN,,,,,,,
751,CHM-150,CHM,150,Special Topics: Prerequisite Chm 102,CHM,1,4,Y,MAIN,,,,,,,
752,CHM-160,CHM,160,Advanced Organic Chemistry w/ Lab,CHM,4,,Y,MAIN,,,,,,,
754,CHM-190,CHM,190,Internship,CHM,1,,,MAIN,,,,,,,
756,SOC-143,SOC,143,Urban Sociology,,4,,Y,MAIN,,,,,,,
757,SOC-145,SOC,145,Social Psychology,,4,,Y,MAIN,,,,,,,
758,SOC-150,SOC,150,Cross-Cultural Communication,SOC,4,,Y,MAIN,,,,,,,
759,SOC-155,SOC,155,Sociology of Global Inequality & Develop,SOC,4,,Y,MAIN,,,,,,,
760,SOC-171,SOC,171,Sociological Theory,SOC,4,,Y,MAIN,,,WSI,,,,
761,SOC-175,SOC,175,Child Welfare,SOC,4,,,MAIN,,,,,,,
762,SOC-177,SOC,177,Interpersonal Violence,SOC,4,,,MAIN,,,US,,,,
763,SOC-180,SOC,180,Human Services & Social Policy,SOC,4,,,MAIN,,,US,WSI,,,
764,SOC-182,SOC,182,Sociology of Deviance,SOC,4,,Y,MAIN,,,,,,,
765,ART-001H,ART,001H,Principles of Art: Honors,,4,,,MAIN,,,PIA,WA,,,
766,SOC-189,SOC,189,Sociology of Race & Ethnicity,SOC,4,,,MAIN,URB,,,,,,
77,ART-010,ART,010,2-D Design,ART,4,,,MAIN,,,PIA,WA,,,
770,SOC-194,SOC,194,Tutorial,SOC,1,4,,MAIN,,,,,,,
771,SOC-195,SOC,195,Senior Seminar,SOC,2,4,Y,MAIN,,,IMD,,,,
773,SOC-198,SOC,198,Independent Research,,4,,,MAIN,,,,,,,
774,SP-001,SP,001,Elementary Spanish I,ML,4,,,MAIN,,,MFL,,,,
777,SP-003,SP,003,Intermediate Spanish I,ML,4,,,MAIN,,,MFL,,,,
778,ART-194,ART,194,Tutorial:,ART,1,4,,MAIN,,,,,,,
780,SP-004,SP,004,Intermediate Spanish II,ML,4,,,MAIN,,,MFL,,,,
782,BIO-194,BIO,194,Tutorial:,BIO,1,4,,MAIN,,,,,,,
783,SP-101,SP,101,Survey Spanish Lit to 1700,ML,4,,Y,MAIN,,,RIL,,,,
784,SP-102,SP,102,Survey Span Lit 1700 Present,ML,4,,Y,MAIN,,,RIL,,,,
785,SP-103,SP,103,Latin American Lit to 1885,ML,4,,Y,MAIN,,,RIL,,,,
788,SP-111,SP,111,Hispanic Cultures: Latin Amer,ML,4,,Y,MAIN,,,WSI,,,,
789,SP-130,SP,130,Spanish Film and Literature,,4,,Y,MAIN,,,WSI,,,,
791,SP-172,SP,172,Golden Age Literature,ML,4,,Y,MAIN,,,WSI,,,,
792,SP-176,SP,176,Post-Civil War Spanish Lit,ML,4,,Y,MAIN,,,,,,,
793,SP-183,SP,183,Spanish American Poetry,ML,4,,Y,MAIN,,,RIL,WSI,,,
794,SP-184,SP,184,Cont Spanish Amer Short Story,ML,4,,Y,MAIN,,,WSI,,,,
795,SP-185,SP,185,Cont Spanish Amer Novel,,4,,Y,MAIN,,,,,,,
797,SP-195,SP,195,Seminar: Special Topics,ML,2,4,Y,MAIN,MX,,,,,,
798,SP-194,SP,194,Tutorial,ML,2,4,,MAIN,,,,,,,
799,TA-001,TA,001,Great Literature of The Stage,TA,4,,,MAIN,,,RIL,PIA,WA,,
800,TA-011,TA,011,Acting Ii: The Body and Devised Theatre,TA,4,,Y,MAIN,,,,,,,
807,TA-131,TA,131,Dance Performance,TA,2,,,MAIN,,,PP,,,,
808,TA-036,TA,036,Design for the Theatre,TA,4,,,MAIN,,,PIA,WA,,,
81,ART-021,ART,021,Art History Prehistoric to Gothic,ART,4,,,MAIN,,,TH,,,,
815,TA-150,TA,150,Rehearsal & Performance II,TA,1,2,,MAIN,,,PP,,,,
817,TA-160,TA,160,Technical Production II,TA,1,2,,MAIN,,,,,,,
819,TA-071,TA,071,Intermediate Ballet,TA,2,,,MAIN,,,PEA,,,,
82,ART-022,ART,022,Art History Renaissance to Modern,ART,4,,,MAIN,,,TH,,,,
821,TA-072,TA,072,Creative and Modern Dance,TA,2,,,MAIN,,,PEA,,,,
822,TA-073,TA,073,Intermediate Modern Dance,TA,2,,,MAIN,,,PEA,,,,
825,TA-075,TA,075,Intermediate Jazz Dance,TA,2,,,MAIN,,,PEA,,,,
826,TA-094,TA,094,Tutorial,,1,4,,MAIN,,,,,,,
827,TA-111,TA,111,Acting III: Acting Shakespeare,TA,4,,Y,MAIN,,,PIA,PP,WA,,
828,GER-194,GER,194,Tutorial:,ML,1,4,,MAIN,,,,,,,
83,ART-023,ART,023,Introduction to World Art,ART,4,,,MAIN,,,TG,,,,
834,TA-126,TA,126,Choreography and Composition,TA,2,,Y,MAIN,,,,,,,
84,ART-110,ART,110,Design II,ART,4,,Y,MAIN,,,,,,,
841,TA-140,TA,140,Ethni & Gender on Amer Stage,TA,4,,,MAIN,,,PIA,WA,,,
844,TA-190,TA,190,Internship,TA,1,8,,MAIN,,,,,,,
85,ART-115,ART,115,Drawing II,ART,4,,Y,MAIN,,,,,,,
851,IS-196,IS,196,Ethnic & Gender Studies Seminar,SOC,4,,,MAIN,,,,,,,
855,ART-094,ART,094,Tutorial:,ART,1,4,,MAIN,,,,,,,
856,BIO-094,BIO,094,Tutorial:,BIO,1,4,,MAIN,,,,,,,
857,ART-098,ART,098,Research,,4,,,MAIN,,,,,,,
858,BIO-098,BIO,098,Research,BIO,1,4,,MAIN,,,,,,,
859,CHM-094,CHM,094,Tutorial:,CHM,1,4,,MAIN,,,,,,,
86,ART-122,ART,122,The Arts of Medieval Europe,ART,4,,Y,MAIN,,,,,,,
860,CHM-098,CHM,098,Research,CHM,1,4,,MAIN,,,,,,,
861,COM-094,COM,094,Tutorial:,COM,1,4,,MAIN,,,,,,,
863,CS-094,CS,094,Tutorial:,,1,4,,MAIN,,,,,,,
865,CS-098,CS,098,Research,MA,1,4,,MAIN,,,,,,,
866,CS-194,CS,194,Tutorial:,MA,1,4,,MAIN,,,,,,,
867,EB-094,EB,094,Tutorial:,EB,1,4,,MAIN,,,,,,,
868,EB-198,EB,198,Research,EB,1,4,Y,MAIN,,,,,,,
869,EB-098,EB,098,Research,,1,4,,MAIN,,,,,,,
870,ED-194,ED,194,Tutorial:,ED,1,4,,MAIN,,,,,,,
872,FR-094,FR,094,Tutorial:,ML,1,4,,MAIN,,,,,,,
873,HIS-098,HIS,098,Research:,HIS,1,4,,MAIN,,,,,,,
874,IS-118,IS,118,Arts & Ideas of Eastern Tradition I,,4,,,MAIN,,,,,,,
875,IS-119,IS,119,Arts & Ideas of Eastern Tradition II,,4,,,MAIN,,,,,,,
876,KNS-194,KNS,194,Tutorial:,KNS,1,4,,MAIN,,,,,,,
878,KNS-098,KNS,098,Research,,1,4,,MAIN,,,,,,,
879,MU-094,MU,094,Tutorial:,MU,1,4,,MAIN,,,,,,,
88,ART-124,ART,124,Italian Renaissance Art,ART,4,,Y,MAIN,,,,,,,
880,MU-194,MU,194,Tutorial:,MU,1,4,,MAIN,,,,,,,
882,PHI-094,PHI,094,Tutorial:,,1,4,,MAIN,,,,,,,
883,PHI-198,PHI,198,Research,,1,4,,MAIN,,,,,,,
884,PHI-098,PHI,098,Research,,1,4,,MAIN,,,,,,,
885,PHY-094,PHY,094,Tutorial:,PHY,1,4,,MAIN,,,,,,,
886,PHY-098,PHY,098,Research,PHY,1,4,,MAIN,,,,,,,
887,POL-094,POL,094,Tutorial:,,1,4,,MAIN,,,,,,,
888,ART-198,ART,198,Research,,1,4,,MAIN,,,,,,,
89,ART-125,ART,125,Northern Renaissance Art,,4,,Y,MAIN,,,,,,,
899,PHS-117,PHS,117,Exploration of the Universe,,4,,,MAIN,,,,,,,
9,COM-006,COM,006,"Messages, Meaning and Culture",COM,4,,,MAIN,,,US,,,,
90,ART-126,ART,126,Seventeenth Century Art,ART,4,,Y,MAIN,,,,,,,
906,IS-998,IS,998,Consortium Visitor Semester,,15,,,MAIN,,,,,,,
92,ART-128,ART,128,Modern & Contemporary Art,ART,4,,Y,MAIN,,,,,,,
936,AN-190,AN,190,Field Placement,,1,8,,MAIN,,,,,,,
937,AN-194,AN,194,Tutorial,SOC,1,4,,MAIN,,,,,,,
938,AN-198,AN,198,Senior Resesarch Project,SOC,4,,,MAIN,,,RES,,,,
939,AN-199,AN,199,Major Honors,,2,4,,MAIN,,,,,,,
94,ART-131,ART,131,Theory & Criticism in The Arts,ART,4,,,MAIN,,,WSI,,,,
941,ART-029,ART,029,Studio Art Topics:,ART,4,,,MAIN,,,,,,,
942,ART-051,ART,051,Painting & Illustration Tech I,ART,4,,,MAIN,,,,,,,
951,BIO-129,BIO,129,Tropical Ecology,BIO,4,,Y,MAIN,,,TG,,,,
952,BIO-131,BIO,131,Evolution,BIO,4,,Y,MAIN,,,,,,,
954,BIO-199,BIO,199,Major Honors,BIO,2,4,,MAIN,,,PP,,,,
967,ENG-112,ENG,112,Screenwriting II,ENG,4,,Y,MAIN,,,WSI,,,,
968,ENG-150,ENG,150,Topics:,ENG,1,4,,MAIN,ENG,,WSI,,,,
97,ART-193,ART,193,Senior Project,ART,2,,,MAIN,,,PP,,,,
98,ART-195,ART,195,Senior Seminar,ART,2,,,MAIN,,,IMD,,,,
988,HB-094,HB,094,Tutorial:,RS,1,4,,MAIN,,,,,,,
99,ART-041,ART,041,The Art of Interpretive Craft I,ART,4,,,MAIN,,,,,,,